DS_CARGO,SQ_CANDIDATO,NR_CANDIDATO,NM_URNA_CANDIDATO,SG_PARTIDO,DS_GENERO,DS_GRAU_INSTRUCAO,DS_OCUPACAO,patrimonio_total,qtd_bens,tipo_principal
GOVERNADOR,40002541626,22,PROFESSORA MARIA DO CARMO,PL,FEMININO,SUPERIOR COMPLETO,EMPRESÁRIO,118473769.48,27.0,Outras participações societárias
SENADOR,40002531447,155,EDUARDO BRAGA,MDB,MASCULINO,SUPERIOR COMPLETO,SENADOR,60278559.1,81.0,"Aplicação de renda fixa (CDB, RDB e outros)"
1º SUPLENTE,40002542688,222,ALESSANDRO TONIZA,PL,MASCULINO,SUPERIOR COMPLETO,EMPRESÁRIO,23440559.98,44.0,Outras aplicações e Investimentos
DEPUTADO ESTADUAL,40002532780,55999,DR SANDOVAL CHEIRO DO POVO,PSD,MASCULINO,SUPERIOR COMPLETO,ADVOGADO,23246824.33,17.0,"Veículo automotor terrestre: caminhão, automóvel, moto, etc."
DEPUTADO ESTADUAL,40002541745,44111,ADJUTO AFONSO,UNIÃO,MASCULINO,SUPERIOR COMPLETO,DEPUTADO,10543969.52,27.0,"Aplicação de renda fixa (CDB, RDB e outros)"
DEPUTADO ESTADUAL,40002542954,22444,MANOEL CUNHA,PL,MASCULINO,ENSINO FUNDAMENTAL INCOMPLETO,EMPRESÁRIO,8268301.98,5.0,Prédio comercial
DEPUTADO ESTADUAL,40002532744,15005,SERGIO NUNES,MDB,MASCULINO,SUPERIOR COMPLETO,EMPRESÁRIO,8154000.0,2.0,Terreno
DEPUTADO ESTADUAL,40002532749,15111,SIMÃO PEIXOTO,MDB,MASCULINO,SUPERIOR INCOMPLETO,EMPRESÁRIO,7205806.14,11.0,Casa
1º SUPLENTE,40002531448,155,SANDRA BRAGA,MDB,FEMININO,SUPERIOR COMPLETO,EMPRESÁRIO,6435906.76,17.0,"Aplicação de renda fixa (CDB, RDB e outros)"
DEPUTADO FEDERAL,40002536433,7022,CORONEL MENEZES,AVANTE,MASCULINO,SUPERIOR COMPLETO,ADMINISTRADOR,5131698.2299999995,10.0,"Aplicação de renda fixa (CDB, RDB e outros)"
DEPUTADO ESTADUAL,40002532791,55007,ROZENHA,PSD,MASCULINO,ENSINO MÉDIO COMPLETO,DEPUTADO,4865378.82,15.0,OUTROS BENS E DIREITOS
GOVERNADOR,40002541741,44,ROBERTO CIDADE,UNIÃO,MASCULINO,SUPERIOR COMPLETO,GOVERNADOR,4285400.8,12.0,Terreno
DEPUTADO FEDERAL,40002540481,2222,ALFREDO NASCIMENTO,PL,MASCULINO,SUPERIOR COMPLETO,APOSENTADO (EXCETO SERVIDOR PÚBLICO),4190447.38,13.0,Outras aplicações e Investimentos
DEPUTADO ESTADUAL,40002536488,36777,TONY MEDEIROS,AGIR,MASCULINO,SUPERIOR COMPLETO,MÚSICO,4045908.68,11.0,Terreno
DEPUTADO ESTADUAL,40002537346,70111,JOÃO ROBERTO,AVANTE,MASCULINO,SUPERIOR COMPLETO,CONTADOR,3828095.0,6.0,"Veículo automotor terrestre: caminhão, automóvel, moto, etc."
DEPUTADO FEDERAL,40002534877,1516,CAILA CARIM,MDB,FEMININO,ENSINO MÉDIO COMPLETO,EMPRESÁRIO,3800000.0,2.0,Quotas ou quinhões de capital
DEPUTADO ESTADUAL,40002542966,22344,LUCIANA FRANÇA,PL,FEMININO,SUPERIOR COMPLETO,EMPRESÁRIO,3720895.63,12.0,"Aplicação de renda fixa (CDB, RDB e outros)"
DEPUTADO FEDERAL,40002531440,1500,JESUS ALVES,MDB,MASCULINO,SUPERIOR COMPLETO,EMPRESÁRIO,3708000.0,5.0,Quotas ou quinhões de capital
DEPUTADO ESTADUAL,40002541613,20444,PAULO PP,PODE,MASCULINO,ENSINO FUNDAMENTAL COMPLETO,EMPRESÁRIO,3546644.12,17.0,Quotas ou quinhões de capital
SENADOR,40002537344,455,PLINIO VALÉRIO,PSDB,MASCULINO,SUPERIOR COMPLETO,JORNALISTA E REDATOR,3527132.51,23.0,Terreno
DEPUTADO ESTADUAL,40002542657,44222,VIVIAN AMORIM,UNIÃO,FEMININO,SUPERIOR COMPLETO,OUTROS,3442024.56,9.0,"Aplicação de renda fixa (CDB, RDB e outros)"
DEPUTADO FEDERAL,40002542670,4477,FAUSTO JR,UNIÃO,MASCULINO,SUPERIOR COMPLETO,DEPUTADO,3400000.0,4.0,Quotas ou quinhões de capital
DEPUTADO ESTADUAL,40002541593,20000,FELIPE SOUZA,PODE,MASCULINO,SUPERIOR COMPLETO,DEPUTADO,3393364.95,16.0,"Aplicação de renda fixa (CDB, RDB e outros)"
DEPUTADO FEDERAL,40002533210,1024,MASSAMI MIKI,REPUBLICANOS,MASCULINO,SUPERIOR COMPLETO,EMPRESÁRIO,3391527.65,18.0,"Aplicação de renda fixa (CDB, RDB e outros)"
DEPUTADO ESTADUAL,40002532735,15888,CORONEL WILSON MARQUES,MDB,MASCULINO,SUPERIOR COMPLETO,POLICIAL MILITAR,3287000.0,3.0,Casa
DEPUTADO FEDERAL,40002532763,5525,ATILA LINS,PSD,MASCULINO,SUPERIOR COMPLETO,DEPUTADO,3194270.92,8.0,Apartamento
DEPUTADO ESTADUAL,40002542662,11000,CEARAZIN SEMISERA,PP,MASCULINO,SUPERIOR COMPLETO,EMPRESÁRIO,3171252.48,6.0,Depósito bancário em conta corrente no País
DEPUTADO FEDERAL,40002542674,1111,TADEU DE SOUZA,PP,MASCULINO,SUPERIOR COMPLETO,ADVOGADO,3099441.34,26.0,"Fundos: Ações, Mútuos de Privatização, Invest. Empresas Emergentes, Invest.Participação e Invest. Índice Mercado"
DEPUTADO ESTADUAL,40002534377,10007,RODRIGO GUEDES,REPUBLICANOS,MASCULINO,SUPERIOR COMPLETO,VEREADOR,3091617.64,17.0,Outras aplicações e Investimentos
DEPUTADO ESTADUAL,40002542663,44300,PROFESSORA JACQUELINE,UNIÃO,FEMININO,SUPERIOR COMPLETO,VEREADOR,3027257.71,13.0,Outras aplicações e Investimentos
DEPUTADO ESTADUAL,40002541616,20123,YOMARA LINS,PODE,FEMININO,SUPERIOR COMPLETO,VEREADOR,3012978.0,3.0,"Veículo automotor terrestre: caminhão, automóvel, moto, etc."
DEPUTADO ESTADUAL,40002541747,44789,WANDERLEY MONTEIRO,UNIÃO,MASCULINO,SUPERIOR COMPLETO,DEPUTADO,2926172.37,5.0,Casa
DEPUTADO ESTADUAL,40002546984,12123,HUDSON JORGE,PDT,MASCULINO,SUPERIOR COMPLETO,EMPRESÁRIO,2883000.0,11.0,Outros bens imóveis
DEPUTADO ESTADUAL,40002532789,55222,DELEGADO  AYSLAN MARQUES,PSD,MASCULINO,SUPERIOR COMPLETO,POLICIAL CIVIL,2871742.85,21.0,Casa
DEPUTADO FEDERAL,40002532762,5522,PAUDERNEY,PSD,MASCULINO,SUPERIOR COMPLETO,ENGENHEIRO,2860407.1300000004,22.0,"Veículo automotor terrestre: caminhão, automóvel, moto, etc."
2º SUPLENTE,40002531446,155,MIGUEL BIANGO,MDB,MASCULINO,SUPERIOR COMPLETO,ARQUITETO,2638383.0,27.0,Ações (inclusive as provenientes de linha telefônica)
DEPUTADO FEDERAL,40002542671,4411,PROFESSORA THEREZINHA RUIZ,UNIÃO,FEMININO,SUPERIOR COMPLETO,SERVIDOR PÚBLICO CIVIL APOSENTADO,2469000.0,10.0,Apartamento
DEPUTADO ESTADUAL,40002542653,11111,RODRIGO SÁ,PP,MASCULINO,SUPERIOR COMPLETO,VEREADOR,2436476.2,11.0,Depósito bancário em conta corrente no País
DEPUTADO ESTADUAL,40002532767,55055,WILKER BARRETO,PSD,MASCULINO,SUPERIOR COMPLETO,DEPUTADO,2404011.5500000003,14.0,Depósito bancário em conta corrente no País
DEPUTADO ESTADUAL,40002532734,15222,CRISTIANO DANGELO,MDB,MASCULINO,ENSINO MÉDIO COMPLETO,DEPUTADO,2363917.36,13.0,Terreno
DEPUTADO FEDERAL,40002545595,1350,DELEGADO TAYAH,PT,MASCULINO,SUPERIOR COMPLETO,SERVIDOR PÚBLICO ESTADUAL,2269704.33,8.0,Apartamento
DEPUTADO ESTADUAL,40002542659,44567,FREDERICO JUNIOR,UNIÃO,MASCULINO,LÊ E ESCREVE,OUTROS,2253137.38,6.0,Casa
DEPUTADO FEDERAL,40002540480,2211,SARGENTO SALAZAR,PL,MASCULINO,SUPERIOR COMPLETO,VEREADOR,2206000.0,6.0,"Veículo automotor terrestre: caminhão, automóvel, moto, etc."
DEPUTADO ESTADUAL,40002536496,36999,MARCELO PALHANO,AGIR,MASCULINO,SUPERIOR COMPLETO,ADVOGADO,2203258.11,9.0,Aeronave
GOVERNADOR,40002532272,55,OMAR AZIZ,PSD,MASCULINO,SUPERIOR COMPLETO,SENADOR,2070608.0,5.0,Outras aplicações e Investimentos
DEPUTADO FEDERAL,40002531445,1515,ADAIL FILHO,MDB,MASCULINO,SUPERIOR COMPLETO,DEPUTADO,2037584.07,5.0,"Aplicação de renda fixa (CDB, RDB e outros)"
DEPUTADO ESTADUAL,40002536474,36236,MACKI SOARES,AGIR,MASCULINO,ENSINO MÉDIO COMPLETO,EMPRESÁRIO,2000000.0,1.0,Quotas ou quinhões de capital
DEPUTADO ESTADUAL,40002541749,44666,DR. GEORGE LINS,UNIÃO,MASCULINO,SUPERIOR COMPLETO,DEPUTADO,1993656.8599999999,10.0,Depósito bancário em conta corrente no País
DEPUTADO ESTADUAL,40002542968,22333,CABO MACIEL,PL,MASCULINO,ENSINO MÉDIO COMPLETO,DEPUTADO,1948505.65,8.0,"Veículo automotor terrestre: caminhão, automóvel, moto, etc."
DEPUTADO ESTADUAL,40002546980,12012,OTACÍLIO NEGREIROS,PDT,MASCULINO,SUPERIOR COMPLETO,ADVOGADO,1926491.27,13.0,Outros bens imóveis
DEPUTADO ESTADUAL,40002545612,13633,PROFESSOR SINÉSIO,PT,MASCULINO,SUPERIOR COMPLETO,DEPUTADO,1854564.6099999999,8.0,Terreno
DEPUTADO ESTADUAL,40002537347,70190,DELEGADO PAULO MAVIGNIER,AVANTE,MASCULINO,SUPERIOR COMPLETO,SERVIDOR PÚBLICO ESTADUAL,1850509.4700000002,7.0,Outros bens móveis
DEPUTADO ESTADUAL,40002542965,22222,DELEGADO PÉRICLES,PL,MASCULINO,SUPERIOR COMPLETO,DEPUTADO,1843760.13,11.0,"Aplicação de renda fixa (CDB, RDB e outros)"
DEPUTADO FEDERAL,40002540485,2277,DELEGADO COSTA E SILVA,PL,MASCULINO,SUPERIOR COMPLETO,SERVIDOR PÚBLICO ESTADUAL,1812055.0,7.0,"Aplicação de renda fixa (CDB, RDB e outros)"
DEPUTADO ESTADUAL,40002534382,10100,COMANDANTE DAN,REPUBLICANOS,MASCULINO,SUPERIOR COMPLETO,SERVIDOR PÚBLICO CIVIL APOSENTADO,1810346.62,4.0,Apartamento
DEPUTADO ESTADUAL,40002542953,22147,SIPA GENTE DA GENTE,PL,MASCULINO,SUPERIOR COMPLETO,ENGENHEIRO,1785000.0,7.0,"Veículo automotor terrestre: caminhão, automóvel, moto, etc."
DEPUTADO ESTADUAL,40002545608,13055,ROMILDO PIMENTEL,PT,MASCULINO,ENSINO MÉDIO COMPLETO,EMPRESÁRIO,1750000.0,2.0,Apartamento
DEPUTADO FEDERAL,40002533204,1011,HISSA ABRAHÃO,REPUBLICANOS,MASCULINO,SUPERIOR COMPLETO,EMPRESÁRIO,1732682.75,5.0,Apartamento
DEPUTADO FEDERAL,40002536434,7025,RADYR JUNIOR,AVANTE,MASCULINO,SUPERIOR INCOMPLETO,EMPRESÁRIO,1718000.0,5.0,"Veículo automotor terrestre: caminhão, automóvel, moto, etc."
DEPUTADO ESTADUAL,40002537618,70222,JUNIOR MAR,AVANTE,MASCULINO,SUPERIOR COMPLETO,SERVIDOR PÚBLICO ESTADUAL,1707000.0,4.0,Casa
DEPUTADO FEDERAL,40002536438,7077,DRA. EUNICE NASCIMENTO,AVANTE,FEMININO,SUPERIOR COMPLETO,ADVOGADO,1675856.25,11.0,"Aplicação de renda fixa (CDB, RDB e outros)"
DEPUTADO FEDERAL,40002541622,4040,MELYSSA GEBER,PSB,FEMININO,SUPERIOR COMPLETO,LOCUTOR E COMENTARISTA DE RÁDIO E TELEVISÃO E RADIALISTA,1670000.0,3.0,"Veículo automotor terrestre: caminhão, automóvel, moto, etc."
DEPUTADO ESTADUAL,40002551311,18123,DANIELLE BARÉ,REDE,FEMININO,SUPERIOR COMPLETO,ADVOGADO,1657000.0,3.0,"Veículo automotor terrestre: caminhão, automóvel, moto, etc."
GOVERNADOR,40002550776,18,ISAEL MUNDURUKU,REDE,MASCULINO,SUPERIOR COMPLETO,ADVOGADO,1657000.0,3.0,"Veículo automotor terrestre: caminhão, automóvel, moto, etc."
DEPUTADO ESTADUAL,40002532750,15015,JAIR SOUTO,MDB,MASCULINO,ENSINO MÉDIO COMPLETO,PRODUTOR AGROPECUÁRIO,1614067.13,12.0,Terreno
DEPUTADO ESTADUAL,40002537628,70999,GIVANCIR OLIVEIRA,AVANTE,MASCULINO,ENSINO FUNDAMENTAL COMPLETO,MOTORISTA DE VEÍCULOS DE TRANSPORTE COLETIVO DE PASSAGEIROS,1610000.0,2.0,Casa
DEPUTADO ESTADUAL,40002545613,13610,ZÉ RICARDO,PT,MASCULINO,SUPERIOR COMPLETO,VEREADOR,1543595.0,13.0,Apartamento
1º SUPLENTE,40002541742,444,LUÍS MÁRIO BONATES,UNIÃO,MASCULINO,SUPERIOR COMPLETO,ADMINISTRADOR,1516270.63,9.0,Depósito bancário em conta corrente no País
DEPUTADO FEDERAL,40002540483,2255,DELEGADO PABLO,PL,MASCULINO,SUPERIOR COMPLETO,SERVIDOR PÚBLICO FEDERAL,1515524.03,37.0,Outras aplicações e Investimentos
DEPUTADO ESTADUAL,40002536482,36333,PHELIPPE SIDI,AGIR,MASCULINO,SUPERIOR COMPLETO,EMPRESÁRIO,1514424.7200000002,7.0,Quotas ou quinhões de capital
DEPUTADO ESTADUAL,40002537620,70777,KATY FEITOZA,AVANTE,FEMININO,SUPERIOR COMPLETO,EMPRESÁRIO,1500709.0,3.0,Outras aplicações e Investimentos
DEPUTADO ESTADUAL,40002536481,36036,JOÃO PAULO JANJÃO,AGIR,MASCULINO,SUPERIOR COMPLETO,VEREADOR,1500000.0,1.0,Quotas ou quinhões de capital
DEPUTADO ESTADUAL,40002546993,12321,REI NALDO,PDT,MASCULINO,ENSINO MÉDIO COMPLETO,EMPRESÁRIO,1500000.0,2.0,Outros bens imóveis
DEPUTADO ESTADUAL,40002532768,55233,MÁRCIA REGINA,PSD,FEMININO,SUPERIOR COMPLETO,CONTADOR,1499554.41,13.0,Dinheiro em espécie - moeda nacional
DEPUTADO ESTADUAL,40002542963,22233,VANGELA FREITAS,PL,FEMININO,SUPERIOR COMPLETO,ADVOGADO,1480000.0,2.0,Casa
DEPUTADO ESTADUAL,40002541746,44123,ALDENOR LIMA,UNIÃO,MASCULINO,SUPERIOR COMPLETO,VEREADOR,1479773.14,13.0,Depósito bancário em conta corrente no País
VICE-GOVERNADOR,40002532271,55,ALESSANDRA CAMPELO,PSD,FEMININO,SUPERIOR COMPLETO,DEPUTADO,1443073.26,6.0,Casa
GOVERNADOR,40002536086,70,DAVID ALMEIDA,AVANTE,MASCULINO,SUPERIOR COMPLETO,OUTROS,1432848.4,6.0,Apartamento
DEPUTADO ESTADUAL,40002542661,44433,CARLINHOS BESSA,UNIÃO,MASCULINO,SUPERIOR COMPLETO,DEPUTADO,1397132.48,8.0,Depósito bancário em conta corrente no País
DEPUTADO ESTADUAL,40002532751,15333,DAVID BEMERGUY,MDB,MASCULINO,ENSINO MÉDIO COMPLETO,EMPRESÁRIO,1376625.56,4.0,"Veículo automotor terrestre: caminhão, automóvel, moto, etc."
DEPUTADO ESTADUAL,40002537615,70789,EDUARDO ALFAIA,AVANTE,MASCULINO,SUPERIOR COMPLETO,ADVOGADO,1375295.43,4.0,Casa
DEPUTADO ESTADUAL,40002542969,22722,ADRIANE MAGALHÃES,PL,FEMININO,SUPERIOR COMPLETO,ADVOGADO,1373000.0,6.0,Terreno
DEPUTADO ESTADUAL,40002542658,44133,SILVYANE CASTRO,UNIÃO,FEMININO,SUPERIOR COMPLETO,ADVOGADO,1363732.3,3.0,Apartamento
DEPUTADO ESTADUAL,40002536479,36070,DR. JOÃO FERNANDES,AGIR,MASCULINO,SUPERIOR COMPLETO,ADVOGADO,1349124.7,8.0,Quotas ou quinhões de capital
DEPUTADO ESTADUAL,40002536486,36123,JENDER LOBATO,AGIR,MASCULINO,SUPERIOR COMPLETO,ADVOGADO,1346735.29,6.0,Depósito bancário em conta corrente no País
DEPUTADO ESTADUAL,40002532737,15000,KENNEDY MARQUES PROTETOR,MDB,MASCULINO,SUPERIOR COMPLETO,VEREADOR,1286000.0,7.0,Terreno
DEPUTADO FEDERAL,40002539049,1456,EDGAR OLIVEIRA,MISSÃO,MASCULINO,SUPERIOR COMPLETO,ADVOGADO,1242000.0,5.0,"Veículo automotor terrestre: caminhão, automóvel, moto, etc."
DEPUTADO ESTADUAL,40002554164,30170,WANDO FONTELES,NOVO,MASCULINO,SUPERIOR COMPLETO,EMPRESÁRIO,1200000.0,3.0,Apartamento
DEPUTADO ESTADUAL,40002541602,20100,DR. FELIX E BANCADA ATIVISTA,PODE,MASCULINO,SUPERIOR COMPLETO,ADVOGADO,1155369.39,6.0,Sala ou conjunto
DEPUTADO FEDERAL,40002540484,2233,CORONEL ROSSES,PL,MASCULINO,SUPERIOR COMPLETO,VEREADOR,1106430.0,9.0,Terreno
1º SUPLENTE,40002535389,277,ISAÍAS AMAZONAS,DC,MASCULINO,SUPERIOR COMPLETO,EMPRESÁRIO,1100000.0,2.0,Quotas ou quinhões de capital
DEPUTADO ESTADUAL,40002537626,70089,DRA ALCINETE,AVANTE,FEMININO,SUPERIOR COMPLETO,FISIOTERAPEUTA E TERAPEUTA OCUPACIONAL,1064756.54,8.0,Casa
DEPUTADO ESTADUAL,40002547001,12345,LUIZ CASTRO,PDT,MASCULINO,SUPERIOR COMPLETO,SERVIDOR PÚBLICO ESTADUAL,983111.6,12.0,Outros bens imóveis
VICE-GOVERNADOR,40002536087,70,DRA. SHÁDIA,AVANTE,FEMININO,SUPERIOR COMPLETO,MÉDICO,977563.8,5.0,Quotas ou quinhões de capital
DEPUTADO ESTADUAL,40002541606,20999,CORONEL BONATES,PODE,MASCULINO,SUPERIOR COMPLETO,COMERCIANTE,975783.57,6.0,"Aplicação de renda fixa (CDB, RDB e outros)"
DEPUTADO ESTADUAL,40002532736,15789,THIAGO ABRAHIM,MDB,MASCULINO,SUPERIOR COMPLETO,DEPUTADO,950008.44,2.0,Apartamento
DEPUTADO ESTADUAL,40002532771,55123,EURICO TAVARES,PSD,MASCULINO,ENSINO MÉDIO COMPLETO,VEREADOR,915862.24,6.0,Consórcio não contemplado
DEPUTADO FEDERAL,40002531444,1551,BETH DOCINHO,MDB,FEMININO,SUPERIOR COMPLETO,EMPRESÁRIO,913095.4,16.0,Caderneta de poupança
DEPUTADO ESTADUAL,40002542667,44777,MÁRIO CÉSAR FILHO,UNIÃO,MASCULINO,SUPERIOR COMPLETO,DEPUTADO,891745.8200000001,4.0,"Veículo automotor terrestre: caminhão, automóvel, moto, etc."
DEPUTADO ESTADUAL,40002532747,15456,ELIZABETH OLIVEIRA,MDB,FEMININO,SUPERIOR COMPLETO,ADVOGADO,885000.0,3.0,Caderneta de poupança
VICE-GOVERNADOR,40002535266,16,JULIANA FROTA,PSTU,FEMININO,SUPERIOR COMPLETO,SERVIDOR PÚBLICO ESTADUAL,854138.24,6.0,Apartamento
DEPUTADO ESTADUAL,40002536476,36000,DANIEL LIMA,AGIR,MASCULINO,SUPERIOR COMPLETO,POLICIAL CIVIL,843806.44,4.0,Caderneta de poupança
DEPUTADO ESTADUAL,40002536491,36456,O KEITTON,AGIR,MASCULINO,SUPERIOR COMPLETO,SERVIDOR PÚBLICO ESTADUAL,840407.14,8.0,Depósito bancário em conta corrente no País
2º SUPLENTE,40002541743,444,BABÁ TUPINAMBÁ,PP,MASCULINO,ENSINO FUNDAMENTAL COMPLETO,VEREADOR,811631.13,6.0,Quotas ou quinhões de capital
DEPUTADO FEDERAL,40002536447,3000,SORAYA COHEN,NOVO,FEMININO,SUPERIOR COMPLETO,AGENTE DE VIAGEM,800000.0,1.0,Casa
DEPUTADO ESTADUAL,40002537621,70456,JUNIOR VELOSO,AVANTE,MASCULINO,SUPERIOR INCOMPLETO,EMPRESÁRIO,788937.25,4.0,Terreno
DEPUTADO FEDERAL,40002541617,4007,LOIRA DO SALGADO,PSB,FEMININO,ENSINO MÉDIO COMPLETO,OUTROS,782317.0,8.0,"Veículo automotor terrestre: caminhão, automóvel, moto, etc."
DEPUTADO ESTADUAL,40002532753,15123,FELIPE LOBO,MDB,MASCULINO,SUPERIOR COMPLETO,EMPRESÁRIO,768565.47,4.0,Quotas ou quinhões de capital
DEPUTADO ESTADUAL,40002541610,20789,GLENIO SEIXAS,PODE,MASCULINO,SUPERIOR INCOMPLETO,EMPRESÁRIO,763084.0,4.0,"Veículo automotor terrestre: caminhão, automóvel, moto, etc."
DEPUTADO ESTADUAL,40002553901,22012,NÍSSIA AGUIAR,PL,FEMININO,SUPERIOR COMPLETO,EMPRESÁRIO,750000.0,1.0,Casa
DEPUTADO FEDERAL,40002536432,7070,DRA ARYEL ALMEIDA,AVANTE,FEMININO,SUPERIOR COMPLETO,MÉDICO,740812.0,3.0,"Veículo automotor terrestre: caminhão, automóvel, moto, etc."
DEPUTADO ESTADUAL,40002541607,20777,MARCIO BRAGA MANINHO,PODE,MASCULINO,SUPERIOR COMPLETO,LOCUTOR E COMENTARISTA DE RÁDIO E TELEVISÃO E RADIALISTA,719000.0,2.0,Apartamento
DEPUTADO ESTADUAL,40002546982,12111,MARCOS CAVALCANTE,PDT,MASCULINO,SUPERIOR COMPLETO,SERVIDOR PÚBLICO FEDERAL,712000.0,2.0,Casa
DEPUTADO ESTADUAL,40002536912,30456,ZÉ REAL,NOVO,MASCULINO,SUPERIOR INCOMPLETO,JORNALISTA E REDATOR,700000.0,2.0,Casa
DEPUTADO ESTADUAL,40002532745,15666,ANDERSON ALMADA,MDB,MASCULINO,ENSINO MÉDIO COMPLETO,EMPRESÁRIO,700000.0,3.0,Casa
SENADOR,40002542686,222,CAPITÃO ALBERTO NETO,PL,MASCULINO,SUPERIOR COMPLETO,DEPUTADO,655440.85,8.0,Outras aplicações e Investimentos
DEPUTADO FEDERAL,40002545593,1377,LUIZ BORGES,PT,MASCULINO,SUPERIOR COMPLETO,OUTROS,655000.0,4.0,Casa
DEPUTADO ESTADUAL,40002534387,10800,DRA. JOSEPHA ABREU,REPUBLICANOS,FEMININO,SUPERIOR COMPLETO,MÉDICO,653755.44,7.0,Apartamento
DEPUTADO FEDERAL,40002531442,1545,ARTHUR NETO,MDB,MASCULINO,SUPERIOR COMPLETO,DIPLOMATA,648676.96,3.0,Apartamento
2º SUPLENTE,40002537345,455,PROFESSORA JUDITE,PSDB,FEMININO,SUPERIOR COMPLETO,PROFESSOR DE ENSINO FUNDAMENTAL,635956.26,7.0,Outros fundos
DEPUTADO ESTADUAL,40002546990,12200,AMANDA MOTOTÁXI,PDT,FEMININO,ENSINO MÉDIO COMPLETO,MOTOBOY,635000.0,4.0,Outros bens imóveis
DEPUTADO ESTADUAL,40002537623,70333,ELAN ALENCAR,AVANTE,MASCULINO,ENSINO MÉDIO COMPLETO,EMPRESÁRIO,620000.0,2.0,Casa
DEPUTADO ESTADUAL,40002542655,44321,MARCELLUS CAMPÊLO,UNIÃO,MASCULINO,SUPERIOR COMPLETO,ENGENHEIRO,607990.0,2.0,Quotas ou quinhões de capital
DEPUTADO FEDERAL,40002536435,7001,JOELSON SILVA,AVANTE,MASCULINO,SUPERIOR COMPLETO,ADVOGADO,602981.69,5.0,Casa
DEPUTADO ESTADUAL,40002532769,55255,CAPITÃO ISAÍAS,PSD,MASCULINO,SUPERIOR COMPLETO,POLICIAL MILITAR,600000.0,1.0,Casa
DEPUTADO ESTADUAL,40002536490,36111,JOANA DANTAS,AGIR,FEMININO,ENSINO MÉDIO COMPLETO,EMPRESÁRIO,600000.0,2.0,Casa
DEPUTADO ESTADUAL,40002532775,55555,BOSCO SARAIVA,PSD,MASCULINO,SUPERIOR COMPLETO,EMPRESÁRIO,599329.3,7.0,OUTROS BENS E DIREITOS
SENADOR,40002541744,444,WILSON LIMA,UNIÃO,MASCULINO,SUPERIOR COMPLETO,JORNALISTA E REDATOR,597210.85,4.0,Apartamento
DEPUTADO ESTADUAL,40002532779,55888,LEILANE OLIVEIRA,PSD,FEMININO,ENSINO MÉDIO COMPLETO,EMPRESÁRIO,585000.0,3.0,Apartamento
DEPUTADO ESTADUAL,40002542666,44444,DR. GOMES,UNIÃO,MASCULINO,SUPERIOR COMPLETO,DEPUTADO,554943.25,4.0,Apartamento
DEPUTADO ESTADUAL,40002537627,70000,ABDALA FRAXE,AVANTE,MASCULINO,SUPERIOR COMPLETO,ECONOMISTA,554165.18,2.0,Casa
DEPUTADO FEDERAL,40002536436,7012,PROFESSOR DALMIR SALAZAR,AVANTE,MASCULINO,SUPERIOR COMPLETO,PROFESSOR DE ENSINO MÉDIO,550000.0,2.0,Casa
DEPUTADO ESTADUAL,40002545602,13116,HERBERT AMAZONAS,PT,MASCULINO,ENSINO MÉDIO COMPLETO,APOSENTADO (EXCETO SERVIDOR PÚBLICO),549800.0,3.0,"Veículo automotor terrestre: caminhão, automóvel, moto, etc."
DEPUTADO ESTADUAL,40002541599,20456,CORONEL VINICIUS ALMEIDA,PODE,MASCULINO,SUPERIOR COMPLETO,POLICIAL MILITAR,544915.08,19.0,OUTROS BENS E DIREITOS
DEPUTADO FEDERAL,40002536077,2777,DENISON VILAR DA SAÚDE,DC,MASCULINO,SUPERIOR COMPLETO,ENFERMEIRO,544831.51,3.0,Casa
DEPUTADO ESTADUAL,40002542669,44144,MARCEL ALEXANDRE,UNIÃO,MASCULINO,SUPERIOR COMPLETO,OUTROS,527224.74,6.0,Caderneta de poupança
DEPUTADO ESTADUAL,40002536907,30392,JUNIO LIMA,NOVO,MASCULINO,SUPERIOR COMPLETO,ENGENHEIRO,515000.0,4.0,Terreno
DEPUTADO FEDERAL,40002536454,3022,EFIGÊNIO CARVALHO,NOVO,MASCULINO,SUPERIOR COMPLETO,OUTROS,515000.0,2.0,Outros bens móveis
DEPUTADO ESTADUAL,40002541615,20111,JOÃOZINHO  MIRANDA,PODE,MASCULINO,SUPERIOR COMPLETO,ADVOGADO,514300.0,5.0,OUTROS BENS E DIREITOS
DEPUTADO ESTADUAL,40002534389,10123,JOÃO LUIZ,REPUBLICANOS,MASCULINO,SUPERIOR COMPLETO,LOCUTOR E COMENTARISTA DE RÁDIO E TELEVISÃO E RADIALISTA,510777.9,3.0,Embarcação
DEPUTADO ESTADUAL,40002536911,30444,JEAN CARLOS,NOVO,MASCULINO,SUPERIOR COMPLETO,EMPRESÁRIO,500000.0,1.0,Prédio comercial
DEPUTADO ESTADUAL,40002532785,55100,DELEGADA ANA OLIVEIRA,PSD,FEMININO,SUPERIOR COMPLETO,POLICIAL CIVIL,490000.0,2.0,Apartamento
DEPUTADO FEDERAL,40002533207,1000,AMOM MANDEL,REPUBLICANOS,MASCULINO,SUPERIOR COMPLETO,DEPUTADO,461522.68,18.0,Ações (inclusive as provenientes de linha telefônica)
DEPUTADO ESTADUAL,40002537351,70700,GILMAR NASCIMENTO,AVANTE,MASCULINO,SUPERIOR COMPLETO,ADVOGADO,452257.68,2.0,Apartamento
DEPUTADO ESTADUAL,40002542957,22190,CAPITÃO CARPÊ,PL,MASCULINO,SUPERIOR COMPLETO,VEREADOR,451600.0,2.0,Apartamento
DEPUTADO FEDERAL,40002531441,1555,SAULLO VIANNA,MDB,MASCULINO,SUPERIOR COMPLETO,DEPUTADO,444971.36,7.0,Consórcio não contemplado
VICE-GOVERNADOR,40002541627,22,CORONEL ANIBAL,PL,MASCULINO,SUPERIOR COMPLETO,BOMBEIRO MILITAR,436929.13,6.0,Outras aplicações e Investimentos
DEPUTADO FEDERAL,40002545598,1333,EDJANE DA FETAGRI,PT,FEMININO,SUPERIOR COMPLETO,TÉCNICO DE ENFERMAGEM E ASSEMELHADOS (EXCETO ENFERMEIRO),435100.0,4.0,"Veículo automotor terrestre: caminhão, automóvel, moto, etc."
DEPUTADO FEDERAL,40002545600,1363,LUIS CARLOS VELHO,PT,MASCULINO,SUPERIOR COMPLETO,SERVIDOR PÚBLICO MUNICIPAL,425000.0,3.0,Casa
DEPUTADO ESTADUAL,40002532743,15999,PROFESSOR VAL,MDB,MASCULINO,SUPERIOR COMPLETO,SERVIDOR PÚBLICO ESTADUAL,416500.0,7.0,"Veículo automotor terrestre: caminhão, automóvel, moto, etc."
DEPUTADO ESTADUAL,40002541628,36190,CAPITÃO DILSON CASTRO,AGIR,MASCULINO,SUPERIOR COMPLETO,POLICIAL MILITAR,401561.82,4.0,Apartamento
DEPUTADO FEDERAL,40002542676,4444,JOANA DARC,UNIÃO,FEMININO,SUPERIOR COMPLETO,DEPUTADO,399428.82999999996,2.0,Apartamento
DEPUTADO ESTADUAL,40002542680,40633,LUCIANO VIEIRA,PSB,MASCULINO,ENSINO MÉDIO INCOMPLETO,MOTORISTA PARTICULAR,384000.0,9.0,"Veículo automotor terrestre: caminhão, automóvel, moto, etc."
DEPUTADO ESTADUAL,40002542955,22662,WILLACE SOUZA,PL,MASCULINO,ENSINO MÉDIO COMPLETO,EMPRESÁRIO,380810.02,8.0,Outros créditos e poupança vinculados
DEPUTADO ESTADUAL,40002537350,70170,PAI AMADO,AVANTE,MASCULINO,ENSINO MÉDIO COMPLETO,VEREADOR,380000.0,3.0,Terreno
DEPUTADO FEDERAL,40002542675,4433,SAIMON BESSA,UNIÃO,MASCULINO,SUPERIOR COMPLETO,VEREADOR,378419.99,5.0,Depósito bancário em conta corrente no País
DEPUTADO FEDERAL,40002545599,1313,DENIS DA SILVA,PT,MASCULINO,SUPERIOR COMPLETO,PROFESSOR DE ENSINO MÉDIO,378000.0,2.0,Casa
DEPUTADO ESTADUAL,40002532778,55000,EMANOEL PINHEIRO,PSD,MASCULINO,ENSINO MÉDIO COMPLETO,OUTROS,373000.74,6.0,Outras aplicações e Investimentos
DEPUTADO ESTADUAL,40002534391,10888,CEL. AMADEU,REPUBLICANOS,MASCULINO,SUPERIOR COMPLETO,SERVIDOR PÚBLICO MUNICIPAL,358000.0,4.0,Terreno
DEPUTADO FEDERAL,40002536449,3011,DIANA RODRIGUES,NOVO,FEMININO,SUPERIOR COMPLETO,JORNALISTA E REDATOR,350000.0,3.0,"Veículo automotor terrestre: caminhão, automóvel, moto, etc."
DEPUTADO FEDERAL,40002541586,2044,SARGENTO AUGUSTO,PODE,MASCULINO,SUPERIOR COMPLETO,POLICIAL MILITAR,350000.0,1.0,Casa
DEPUTADO ESTADUAL,40002542958,22092,FRANK PARENTE,PL,MASCULINO,ENSINO MÉDIO COMPLETO,COMERCIANTE,342867.0,7.0,Casa
DEPUTADO FEDERAL,40002542678,4455,DR. MIGUEL CARRATTE,UNIÃO,MASCULINO,SUPERIOR COMPLETO,MÉDICO,340785.66,8.0,"Veículo automotor terrestre: caminhão, automóvel, moto, etc."
DEPUTADO ESTADUAL,40002542964,22244,FRANK CABEÇA,PL,MASCULINO,SUPERIOR COMPLETO,SERVIDOR PÚBLICO MUNICIPAL,337807.74,6.0,"Veículo automotor terrestre: caminhão, automóvel, moto, etc."
DEPUTADO ESTADUAL,40002532782,55125,MAYRA DIAS,PSD,FEMININO,SUPERIOR COMPLETO,JORNALISTA E REDATOR,336160.29,5.0,Apartamento
DEPUTADO FEDERAL,40002536079,2700,FRANK CARLOS,DC,MASCULINO,SUPERIOR INCOMPLETO,"ESTUDANTE, BOLSISTA, ESTAGIÁRIO E ASSEMELHADOS",320000.0,1.0,Apartamento
DEPUTADO FEDERAL,40002551009,1818,MARCOS APURINÃ,REDE,MASCULINO,ENSINO MÉDIO COMPLETO,OUTROS,320000.0,2.0,Outros bens imóveis
DEPUTADO FEDERAL,40002531438,1513,VANDA WITOTO,MDB,FEMININO,SUPERIOR COMPLETO,PEDAGOGO,310000.0,3.0,Casa
DEPUTADO ESTADUAL,40002545609,65656,ERON BEZERRA,PCDOB,MASCULINO,SUPERIOR COMPLETO,PROFESSOR DE ENSINO SUPERIOR,309873.35,9.0,Caderneta de poupança
DEPUTADO ESTADUAL,40002536484,36789,RODRIGO MELO,AGIR,MASCULINO,SUPERIOR COMPLETO,ADMINISTRADOR,302874.0,3.0,"Veículo automotor terrestre: caminhão, automóvel, moto, etc."
DEPUTADO ESTADUAL,40002532755,15654,SOCORRO DO CAFÉ,MDB,FEMININO,ENSINO MÉDIO COMPLETO,VENDEDOR DE COMÉRCIO VAREJISTA E ATACADISTA,300000.0,1.0,Casa
DEPUTADO ESTADUAL,40002532756,15050,NEURIANE MUNDURUKU,MDB,FEMININO,ENSINO MÉDIO COMPLETO,EMPRESÁRIO,300000.0,2.0,Quotas ou quinhões de capital
DEPUTADO ESTADUAL,40002537622,70258,RADYR OLIVEIRA,AVANTE,MASCULINO,ENSINO MÉDIO COMPLETO,SERVIDOR PÚBLICO FEDERAL,300000.0,3.0,"Veículo automotor terrestre: caminhão, automóvel, moto, etc."
DEPUTADO ESTADUAL,40002537349,70070,DANIEL ALMEIDA,AVANTE,MASCULINO,ENSINO MÉDIO COMPLETO,DEPUTADO,300000.0,1.0,Casa
SENADOR,40002551283,181,ISMAEL MUNDURUKU,REDE,MASCULINO,SUPERIOR COMPLETO,OUTROS,300000.0,1.0,Casa
DEPUTADO FEDERAL,40002532759,5500,JORGE OLIVEIRA,PSD,MASCULINO,SUPERIOR COMPLETO,CONTADOR,300000.0,2.0,Casa
DEPUTADO ESTADUAL,40002545606,13333,CLÓVIS CURUBÃO,PT,MASCULINO,ENSINO FUNDAMENTAL INCOMPLETO,OUTROS,300000.0,1.0,Casa
DEPUTADO FEDERAL,40002531443,1522,NATHAN MACENA,MDB,MASCULINO,ENSINO MÉDIO COMPLETO,EMPRESÁRIO,300000.0,1.0,Casa
DEPUTADO FEDERAL,40002532758,5544,NATH NASCIMENTO,PSD,FEMININO,SUPERIOR COMPLETO,JORNALISTA E REDATOR,296856.15,8.0,OUTROS BENS E DIREITOS
DEPUTADO ESTADUAL,40002546992,12456,DR. ERON DE SÁ,PDT,MASCULINO,SUPERIOR COMPLETO,ADVOGADO,280000.0,2.0,Outros bens imóveis
DEPUTADO ESTADUAL,40002541752,44333,NEIBE ARAUJO,UNIÃO,MASCULINO,SUPERIOR COMPLETO,PROFESSOR DE ENSINO SUPERIOR,265667.11,2.0,Terreno
DEPUTADO FEDERAL,40002532765,5580,DELEGADA DÉBORA MAFRA,PSD,FEMININO,SUPERIOR COMPLETO,POLICIAL CIVIL,263050.24,4.0,Caderneta de poupança
DEPUTADO FEDERAL,40002542672,4400,THAYSA LIPPY,UNIÃO,FEMININO,SUPERIOR COMPLETO,VEREADOR,262019.06,5.0,Depósito bancário em conta corrente no País
DEPUTADO ESTADUAL,40002537348,70444,ENFERMEIRA JUCINARA,AVANTE,FEMININO,SUPERIOR COMPLETO,ENFERMEIRO,260000.0,1.0,"Veículo automotor terrestre: caminhão, automóvel, moto, etc."
DEPUTADO ESTADUAL,40002536492,36063,MARY ALVES,AGIR,FEMININO,ENSINO MÉDIO COMPLETO,TÉCNICO DE ENFERMAGEM E ASSEMELHADOS (EXCETO ENFERMEIRO),250000.0,1.0,Casa
DEPUTADO ESTADUAL,40002536894,30232,MARLUCIA VIEIRA,NOVO,FEMININO,SUPERIOR COMPLETO,ADVOGADO,250000.0,1.0,Apartamento
DEPUTADO FEDERAL,40002551008,1813,ODIMAR GUIMARÃES,REDE,FEMININO,SUPERIOR COMPLETO,EMPRESÁRIO,250000.0,1.0,Casa
DEPUTADO ESTADUAL,40002536910,30122,LENO MENEZES,NOVO,MASCULINO,ENSINO MÉDIO COMPLETO,EMPRESÁRIO,250000.0,2.0,Casa
DEPUTADO FEDERAL,40002536450,3077,ODER AURÉLIO,NOVO,MASCULINO,SUPERIOR COMPLETO,SERVIDOR PÚBLICO MUNICIPAL,247000.0,3.0,Apartamento
DEPUTADO ESTADUAL,40002541748,44500,MARCO CASTILHOS,UNIÃO,MASCULINO,SUPERIOR COMPLETO,VEREADOR,243633.25,7.0,"Aplicação de renda fixa (CDB, RDB e outros)"
DEPUTADO FEDERAL,40002541584,2066,MAURO TEIXEIRA,PODE,MASCULINO,SUPERIOR COMPLETO,OUTROS,240000.0,3.0,"Veículo automotor terrestre: caminhão, automóvel, moto, etc."
DEPUTADO ESTADUAL,40002542961,22345,MARCELLO DEMASI,PL,MASCULINO,SUPERIOR COMPLETO,EMPRESÁRIO,237083.97,6.0,Caderneta de poupança
DEPUTADO ESTADUAL,40002534390,10321,CATIANNE ALVES,REPUBLICANOS,FEMININO,SUPERIOR COMPLETO,VEREADOR,235000.0,2.0,Dinheiro em espécie - moeda nacional
DEPUTADO FEDERAL,40002549900,7706,MARQUINHOS MAIA,SOLIDARIEDADE,MASCULINO,ENSINO MÉDIO COMPLETO,ADMINISTRADOR,230100.0,2.0,Apartamento
DEPUTADO ESTADUAL,40002537616,70234,DR EDUARDO ASSIS,AVANTE,MASCULINO,SUPERIOR COMPLETO,ADVOGADO,230000.0,2.0,Casa
DEPUTADO ESTADUAL,40002536891,30230,LUCAS SÁ,NOVO,MASCULINO,SUPERIOR COMPLETO,MOTORISTA DE VEÍCULOS DE TRANSPORTE DE CARGA,220000.0,3.0,Casa
DEPUTADO ESTADUAL,40002536895,30000,NEDY VALE,NOVO,MASCULINO,ENSINO FUNDAMENTAL COMPLETO,AGRICULTOR,220000.0,2.0,Casa
DEPUTADO ESTADUAL,40002536892,30887,CHICO ARAÚJO,NOVO,MASCULINO,ENSINO MÉDIO COMPLETO,MOTORISTA DE VEÍCULOS DE TRANSPORTE DE CARGA,200000.0,2.0,Casa
DEPUTADO FEDERAL,40002536437,7010,DR RAIONE CABRAL,AVANTE,MASCULINO,SUPERIOR COMPLETO,ADVOGADO,200000.0,1.0,Dinheiro em espécie - moeda nacional
DEPUTADO ESTADUAL,40002534372,10010,GUSTAVO  MORAIS,REPUBLICANOS,MASCULINO,ENSINO MÉDIO COMPLETO,OUTROS,200000.0,1.0,Outras participações societárias
DEPUTADO ESTADUAL,40002542949,22822,MICHEL FELIPE,PL,MASCULINO,SUPERIOR COMPLETO,"CORRETOR DE IMÓVEIS, SEGUROS, TÍTULOS E VALORES",198237.03,2.0,Casa
VICE-GOVERNADOR,40002541740,44,SERAFIM,PSB,MASCULINO,SUPERIOR COMPLETO,ADVOGADO,193671.12,3.0,Depósito bancário em conta corrente no País
GOVERNADOR,40002551740,33,CABO DACIOLO,MOBILIZA,MASCULINO,SUPERIOR COMPLETO,MILITAR REFORMADO,190750.0,15.0,OUTROS BENS E DIREITOS
DEPUTADO ESTADUAL,40002532739,15007,CABO JONAS NATARIO,MDB,MASCULINO,SUPERIOR COMPLETO,POLICIAL MILITAR,181437.47,5.0,"Veículo automotor terrestre: caminhão, automóvel, moto, etc."
DEPUTADO ESTADUAL,40002542971,22122,DÉBORA MENEZES,PL,FEMININO,SUPERIOR COMPLETO,DEPUTADO,171221.87,12.0,Quotas ou quinhões de capital
DEPUTADO ESTADUAL,40002532746,15555,ADENILSON FILHO DO RIO MADEIRA,MDB,MASCULINO,SUPERIOR COMPLETO,PSICÓLOGO,171000.0,3.0,"Veículo automotor terrestre: caminhão, automóvel, moto, etc."
DEPUTADO FEDERAL,40002536439,7007,CRIS PAIVA,AVANTE,FEMININO,SUPERIOR INCOMPLETO,EMPRESÁRIO,165000.0,2.0,Dinheiro em espécie - moeda nacional
DEPUTADO ESTADUAL,40002537625,70770,RODINEI RAMOS,AVANTE,MASCULINO,SUPERIOR INCOMPLETO,AGRICULTOR,160000.0,1.0,"Veículo automotor terrestre: caminhão, automóvel, moto, etc."
DEPUTADO ESTADUAL,40002534381,10324,DONIZETE DA VOZ,REPUBLICANOS,MASCULINO,ENSINO MÉDIO COMPLETO,MOTORISTA PARTICULAR,160000.0,2.0,Casa
DEPUTADO ESTADUAL,40002551320,18321,YURA MARUBO,REDE,MASCULINO,SUPERIOR COMPLETO,SERVIDOR PÚBLICO ESTADUAL,160000.0,1.0,Casa
DEPUTADO ESTADUAL,40002541750,44234,ELDA GARCIA,UNIÃO,FEMININO,SUPERIOR COMPLETO,EMPRESÁRIO,150000.0,1.0,Casa
1º SUPLENTE,40002537343,455,KELLY BARBOSA,PSDB,FEMININO,ENSINO FUNDAMENTAL COMPLETO,COMERCIANTE,150000.0,1.0,"Veículo automotor terrestre: caminhão, automóvel, moto, etc."
DEPUTADO FEDERAL,40002551011,5067,PROFESSOR WELTON ODA,PSOL,MASCULINO,SUPERIOR COMPLETO,PROFESSOR DE ENSINO SUPERIOR,145671.81,4.0,Caderneta de poupança
DEPUTADO ESTADUAL,40002534393,10400,DR. BRITO,REPUBLICANOS,MASCULINO,SUPERIOR COMPLETO,EMPRESÁRIO,140000.0,4.0,Outras participações societárias
DEPUTADO FEDERAL,40002540479,2200,PAULA PORTELA,PL,FEMININO,SUPERIOR COMPLETO,EMPRESÁRIO,139000.0,2.0,Quotas ou quinhões de capital
DEPUTADO ESTADUAL,40002546994,12789,PROFESSOR ADEMIR,PDT,MASCULINO,SUPERIOR INCOMPLETO,EMPRESÁRIO,139000.0,4.0,"Veículo automotor terrestre: caminhão, automóvel, moto, etc."
DEPUTADO ESTADUAL,40002542681,40013,PROFESSORA TATIANA,PSB,FEMININO,SUPERIOR COMPLETO,PROFESSOR DE ENSINO FUNDAMENTAL,124982.47,6.0,"Veículo automotor terrestre: caminhão, automóvel, moto, etc."
DEPUTADO ESTADUAL,40002536480,36525,KENNY SOUZA,AGIR,FEMININO,ENSINO MÉDIO COMPLETO,OUTROS,120000.0,1.0,Apartamento
DEPUTADO ESTADUAL,40002536898,30999,RONILSON SOUZA,NOVO,MASCULINO,SUPERIOR COMPLETO,JORNALISTA E REDATOR,118000.0,3.0,Ações (inclusive as provenientes de linha telefônica)
2º SUPLENTE,40002535272,161,JOÃO REBOUÇAS,PSTU,MASCULINO,SUPERIOR COMPLETO,ARQUEÓLOGO,114977.2,3.0,"Aplicação de renda fixa (CDB, RDB e outros)"
DEPUTADO ESTADUAL,40002536487,36888,GIDEANE BRASIL,AGIR,FEMININO,ENSINO MÉDIO COMPLETO,ELETRICISTA E ASSEMELHADOS,113201.0,1.0,"Veículo automotor terrestre: caminhão, automóvel, moto, etc."
DEPUTADO FEDERAL,40002549856,1213,DANIEL SOUZA,PDT,MASCULINO,SUPERIOR COMPLETO,EMPRESÁRIO,111000.0,4.0,"Veículo automotor terrestre: caminhão, automóvel, moto, etc."
DEPUTADO ESTADUAL,40002532742,15002,PROF.. GINA GONZÁLEZ,MDB,FEMININO,SUPERIOR COMPLETO,PROFESSOR DE ENSINO MÉDIO,108000.0,3.0,"Veículo automotor terrestre: caminhão, automóvel, moto, etc."
DEPUTADO FEDERAL,40002545594,1314,ANNE MOURA,PT,FEMININO,SUPERIOR INCOMPLETO,OUTROS,106572.11,3.0,"Aplicação de renda fixa (CDB, RDB e outros)"
DEPUTADO ESTADUAL,40002532740,15777,MATHEUS GARCIA,MDB,MASCULINO,SUPERIOR COMPLETO,EMPRESÁRIO,103609.2,4.0,Quotas ou quinhões de capital
VICE-GOVERNADOR,40002551739,33,PROFESSOR IGOR OLIVEIRA,MOBILIZA,MASCULINO,SUPERIOR COMPLETO,SERVIDOR PÚBLICO ESTADUAL,102541.23,2.0,Caderneta de poupança
DEPUTADO ESTADUAL,40002537353,70123,DAVID REIS,AVANTE,MASCULINO,SUPERIOR COMPLETO,ADVOGADO,100000.0,1.0,Casa
DEPUTADO ESTADUAL,40002537617,70180,ISABELLY AURORA,AVANTE,FEMININO,SUPERIOR INCOMPLETO,EMPRESÁRIO,100000.0,1.0,OUTROS BENS E DIREITOS
DEPUTADO ESTADUAL,40002535269,16016,TARCÍSIO LEÃO,PSTU,MASCULINO,SUPERIOR COMPLETO,PROFESSOR DE ENSINO MÉDIO,100000.0,2.0,"Veículo automotor terrestre: caminhão, automóvel, moto, etc."
DEPUTADO ESTADUAL,40002536489,36069,MAGRINHA ELEN,AGIR,FEMININO,LÊ E ESCREVE,MANICURE E MAQUILADOR,100000.0,1.0,Quotas ou quinhões de capital
DEPUTADO FEDERAL,40002536078,2757,GONZA,DC,MASCULINO,ENSINO MÉDIO COMPLETO,"TÉCNICO CONTABILIDADE, ESTATÍSTICA, ECONOMIA DOMÉSTICA E ADMINISTRAÇÃO",100000.0,1.0,Quotas ou quinhões de capital
DEPUTADO ESTADUAL,40002551313,50123,JOSÉ DO NORTE,PSOL,MASCULINO,ENSINO FUNDAMENTAL INCOMPLETO,OUTROS,94000.0,3.0,"Veículo automotor terrestre: caminhão, automóvel, moto, etc."
DEPUTADO ESTADUAL,40002536897,30030,RAFAEL BASTOS,NOVO,MASCULINO,SUPERIOR COMPLETO,CONTADOR,88000.0,1.0,"Veículo automotor terrestre: caminhão, automóvel, moto, etc."
2º SUPLENTE,40002542687,222,MÁRIO BASTOS,PL,MASCULINO,SUPERIOR COMPLETO,OUTROS,85577.57,5.0,Caderneta de poupança
DEPUTADO FEDERAL,40002541625,4044,JOAQUIM FELIPE,PSB,MASCULINO,SUPERIOR COMPLETO,ADVOGADO,81757.67,2.0,"Aplicação de renda fixa (CDB, RDB e outros)"
DEPUTADO ESTADUAL,40002551305,50555,AILTON FERNANDES,PSOL,MASCULINO,SUPERIOR COMPLETO,OUTROS,80000.0,1.0,Casa
DEPUTADO FEDERAL,40002533208,1033,JOÃO CARLOS,REPUBLICANOS,MASCULINO,SUPERIOR COMPLETO,VEREADOR,77809.09,1.0,"Veículo automotor terrestre: caminhão, automóvel, moto, etc."
DEPUTADO FEDERAL,40002539046,1400,LUCIANA VIGA,MISSÃO,FEMININO,SUPERIOR COMPLETO,ADMINISTRADOR,71580.0,2.0,"Fundos: Ações, Mútuos de Privatização, Invest. Empresas Emergentes, Invest.Participação e Invest. Índice Mercado"
DEPUTADO ESTADUAL,40002532772,55500,LOURISVAL PEREIRA,PSD,MASCULINO,SUPERIOR COMPLETO,PROFESSOR DE ENSINO SUPERIOR,67516.28,3.0,Outros fundos
DEPUTADO ESTADUAL,40002532776,55444,NÁDIA SALDANHA,PSD,FEMININO,SUPERIOR COMPLETO,JORNALISTA E REDATOR,65000.0,2.0,Dinheiro em espécie - moeda nacional
DEPUTADO ESTADUAL,40002546989,12555,PERI,PDT,MASCULINO,SUPERIOR COMPLETO,ENGENHEIRO,60000.0,2.0,"Veículo automotor terrestre: caminhão, automóvel, moto, etc."
DEPUTADO FEDERAL,40002549906,7770,CARLES WALDEMAR MAGUILA,SOLIDARIEDADE,MASCULINO,ENSINO MÉDIO INCOMPLETO,TRABALHADOR DE CONSTRUÇÃO CIVIL,57925.22,6.0,Depósito bancário em conta corrente no País
SENADOR,40002551281,500,PROFESSORA EVANY,PSOL,FEMININO,SUPERIOR COMPLETO,PROFESSOR DE ENSINO SUPERIOR,52448.3,2.0,"Aplicação de renda fixa (CDB, RDB e outros)"
DEPUTADO ESTADUAL,40002545607,13125,LOURDES QUILOMBOLA,PT,FEMININO,SUPERIOR COMPLETO,APOSENTADO (EXCETO SERVIDOR PÚBLICO),50000.0,1.0,Casa
DEPUTADO FEDERAL,40002551007,5013,VAL SANTOS,PSOL,FEMININO,SUPERIOR COMPLETO,PEDAGOGO,50000.0,1.0,Apartamento
DEPUTADO FEDERAL,40002532766,5511,AMAURI GOMES,PSD,MASCULINO,SUPERIOR COMPLETO,VETERINÁRIO,50000.0,1.0,Outras participações societárias
DEPUTADO FEDERAL,40002536453,3010,PAULO ARTHUR,NOVO,MASCULINO,ENSINO MÉDIO COMPLETO,EMPRESÁRIO,50000.0,1.0,Casa
DEPUTADO FEDERAL,40002549862,1222,DARLENE NEVES,PDT,FEMININO,ENSINO MÉDIO COMPLETO,MOTORISTA DE VEÍCULOS DE TRANSPORTE COLETIVO DE PASSAGEIROS,50000.0,1.0,"Veículo automotor terrestre: caminhão, automóvel, moto, etc."
DEPUTADO FEDERAL,40002535274,1616,AUXILIADORA CASTRO,PSTU,FEMININO,ENSINO MÉDIO COMPLETO,DONA DE CASA,50000.0,1.0,Casa
DEPUTADO FEDERAL,40002532761,5555,SIDNEY LEITE,PSD,MASCULINO,SUPERIOR COMPLETO,DEPUTADO,44462.54,3.0,Depósito bancário em conta corrente no País
2º SUPLENTE,40002535390,277,CAPELÃO ROBERTO DA SILVA,DC,MASCULINO,SUPERIOR COMPLETO,TRABALHADOR DE ARTES GRÁFICAS,42024.0,3.0,"Veículo automotor terrestre: caminhão, automóvel, moto, etc."
DEPUTADO FEDERAL,40002545596,6565,MARÍLIA FREIRE,PCDOB,FEMININO,SUPERIOR COMPLETO,SERVIDOR PÚBLICO ESTADUAL,40000.0,1.0,"Veículo automotor terrestre: caminhão, automóvel, moto, etc."
DEPUTADO FEDERAL,40002549902,7712,GOIABEIRA,SOLIDARIEDADE,MASCULINO,SUPERIOR COMPLETO,OUTROS,35300.0,2.0,"Veículo automotor terrestre: caminhão, automóvel, moto, etc."
DEPUTADO ESTADUAL,40002551309,18018,HUMBERTO KORIPACO,REDE,MASCULINO,SUPERIOR COMPLETO,TÉCNICO EM AGRONOMIA E AGRIMENSURA,33800.4,1.0,"Veículo automotor terrestre: caminhão, automóvel, moto, etc."
DEPUTADO ESTADUAL,40002546985,12030,FERNANDÃO,PDT,MASCULINO,ENSINO MÉDIO COMPLETO,OUTROS,30000.0,1.0,"Veículo automotor terrestre: caminhão, automóvel, moto, etc."
DEPUTADO ESTADUAL,40002532790,55241,LEANDRO ATIVISTA PCD,PSD,MASCULINO,ENSINO MÉDIO COMPLETO,AGENTE ADMINISTRATIVO,30000.0,1.0,"Veículo automotor terrestre: caminhão, automóvel, moto, etc."
DEPUTADO ESTADUAL,40002541596,20010,CARLOS DE JESUS,PODE,MASCULINO,SUPERIOR COMPLETO,EMPRESÁRIO,30000.0,1.0,"Veículo automotor terrestre: caminhão, automóvel, moto, etc."
DEPUTADO ESTADUAL,40002536913,30777,JONH SILVA,NOVO,MASCULINO,SUPERIOR COMPLETO,ADVOGADO,30000.0,2.0,"Veículo automotor terrestre: caminhão, automóvel, moto, etc."
DEPUTADO ESTADUAL,40002542654,44888,SARGENTO BRUNA,UNIÃO,FEMININO,SUPERIOR COMPLETO,POLICIAL MILITAR,30000.0,1.0,"Veículo automotor terrestre: caminhão, automóvel, moto, etc."
DEPUTADO FEDERAL,40002541587,2015,RITA DA ENFERMAGEM,PODE,FEMININO,SUPERIOR INCOMPLETO,TÉCNICO DE ENFERMAGEM E ASSEMELHADOS (EXCETO ENFERMEIRO),28000.0,1.0,"Veículo automotor terrestre: caminhão, automóvel, moto, etc."
DEPUTADO ESTADUAL,40002551314,50111,NELSON NOEL,PSOL,MASCULINO,ENSINO FUNDAMENTAL INCOMPLETO,EMPRESÁRIO,28000.0,2.0,"Veículo automotor terrestre: caminhão, automóvel, moto, etc."
DEPUTADO ESTADUAL,40002542684,40222,KATRYNA BERNARDO,PSB,FEMININO,SUPERIOR COMPLETO,OUTROS,28000.0,1.0,"Veículo automotor terrestre: caminhão, automóvel, moto, etc."
DEPUTADO ESTADUAL,40002542962,22111,KIDSON MAIA,PL,MASCULINO,SUPERIOR INCOMPLETO,POLICIAL MILITAR,25000.0,1.0,Quotas ou quinhões de capital
DEPUTADO FEDERAL,40002533205,1055,VIVIANE LIMA,REPUBLICANOS,FEMININO,ENSINO MÉDIO COMPLETO,OUTROS,25000.0,1.0,Dinheiro em espécie - moeda nacional
DEPUTADO ESTADUAL,40002536905,30111,LICO ARAÚJO,NOVO,MASCULINO,SUPERIOR INCOMPLETO,EMPRESÁRIO,25000.0,2.0,"Veículo automotor terrestre: caminhão, automóvel, moto, etc."
DEPUTADO ESTADUAL,40002535268,16000,ENEIDA VASCONCELOS,PSTU,FEMININO,SUPERIOR COMPLETO,APOSENTADO (EXCETO SERVIDOR PÚBLICO),25000.0,1.0,"Veículo automotor terrestre: caminhão, automóvel, moto, etc."
DEPUTADO FEDERAL,40002533206,1010,SILAS CÂMARA,REPUBLICANOS,MASCULINO,SUPERIOR COMPLETO,DEPUTADO,21234.77,2.0,Depósito bancário em conta corrente no País
DEPUTADO FEDERAL,40002532764,5588,DELEGADO LÁZARO MENDES,PSD,MASCULINO,SUPERIOR COMPLETO,POLICIAL CIVIL,20000.0,2.0,Terreno
DEPUTADO ESTADUAL,40002546981,12666,NEY DA PANAIR,PDT,MASCULINO,ENSINO MÉDIO COMPLETO,MOTOBOY,20000.0,1.0,"Veículo automotor terrestre: caminhão, automóvel, moto, etc."
DEPUTADO FEDERAL,40002536081,2711,NONATO CHEGADO,DC,MASCULINO,LÊ E ESCREVE,REPRESENTANTE COMERCIAL,17280.0,1.0,"Veículo automotor terrestre: caminhão, automóvel, moto, etc."
DEPUTADO ESTADUAL,40002541609,20369,TIAGO FALCÃO,PODE,MASCULINO,SUPERIOR COMPLETO,ADMINISTRADOR,15998.08,7.0,"Fundos: Ações, Mútuos de Privatização, Invest. Empresas Emergentes, Invest.Participação e Invest. Índice Mercado"
DEPUTADO ESTADUAL,40002545610,13456,BRENDA OLIVEIRA,PT,FEMININO,SUPERIOR INCOMPLETO,OUTROS,13776.0,1.0,"Veículo automotor terrestre: caminhão, automóvel, moto, etc."
DEPUTADO ESTADUAL,40002542679,40376,MESTRE CLODOALDO,PSB,MASCULINO,SUPERIOR COMPLETO,EMPRESÁRIO,12000.0,1.0,"Veículo automotor terrestre: caminhão, automóvel, moto, etc."
DEPUTADO FEDERAL,40002536083,2707,GLÁUCIA AMAZONAS,DC,FEMININO,ENSINO MÉDIO COMPLETO,COMERCIANTE,10000.0,1.0,Quotas ou quinhões de capital
DEPUTADO ESTADUAL,40002536483,36227,SÂMARA SOUZA,AGIR,FEMININO,SUPERIOR INCOMPLETO,EMPRESÁRIO,10000.0,1.0,Quotas ou quinhões de capital
DEPUTADO FEDERAL,40002540482,2244,MICKA SEVALHO,PL,FEMININO,SUPERIOR COMPLETO,JORNALISTA E REDATOR,9804.1,3.0,Depósito bancário em conta corrente no País
DEPUTADO FEDERAL,40002542673,1144,TENENTE CORONEL ADRIANA,PP,FEMININO,SUPERIOR COMPLETO,POLICIAL MILITAR,9362.15,3.0,Depósito bancário em conta corrente no País
DEPUTADO ESTADUAL,40002545611,13013,SABUGO,PT,MASCULINO,ENSINO MÉDIO COMPLETO,OUTROS,8000.0,1.0,Depósito bancário em conta corrente no País
DEPUTADO FEDERAL,40002551005,5033,VALDECO TATTOO,PSOL,MASCULINO,ENSINO MÉDIO COMPLETO,OUTROS,8000.0,1.0,"Veículo automotor terrestre: caminhão, automóvel, moto, etc."
DEPUTADO ESTADUAL,40002546995,12777,CARLOS MORAES,PDT,MASCULINO,SUPERIOR INCOMPLETO,LOCUTOR E COMENTARISTA DE RÁDIO E TELEVISÃO E RADIALISTA,7500.0,1.0,"Veículo automotor terrestre: caminhão, automóvel, moto, etc."
SENADOR,40002535270,161,EVANDRO DE OLIVEIRA,PSTU,MASCULINO,ENSINO MÉDIO COMPLETO,TÉCNICO DE MECÂNICA,7000.0,1.0,"Veículo automotor terrestre: caminhão, automóvel, moto, etc."
DEPUTADO ESTADUAL,40002536475,36026,INGRID MENDONÇA,AGIR,FEMININO,SUPERIOR COMPLETO,PSICÓLOGO,6926.53,1.0,Caderneta de poupança
DEPUTADO FEDERAL,40002532760,5512,ANA PAULA MESQUITA,PSD,FEMININO,SUPERIOR INCOMPLETO,OUTROS,5478.94,1.0,OUTROS BENS E DIREITOS
DEPUTADO ESTADUAL,40002534386,10700,RAUL DA RECICLAGEM,REPUBLICANOS,MASCULINO,ENSINO MÉDIO COMPLETO,OUTROS,5000.0,1.0,Dinheiro em espécie - moeda nacional
DEPUTADO ESTADUAL,40002532752,15016,ENFERMEIRA SOCORRO DUTRA,MDB,FEMININO,SUPERIOR COMPLETO,ENFERMEIRO,5000.0,1.0,Caderneta de poupança
DEPUTADO ESTADUAL,40002532757,15100,MÁRCIA SANTTOS,MDB,FEMININO,SUPERIOR COMPLETO,"CORRETOR DE IMÓVEIS, SEGUROS, TÍTULOS E VALORES",5000.0,1.0,Caderneta de poupança
DEPUTADO FEDERAL,40002552704,3322,EBERSON BATERA,MOBILIZA,MASCULINO,ENSINO MÉDIO COMPLETO,MÚSICO,5000.0,1.0,Quotas ou quinhões de capital
DEPUTADO ESTADUAL,40002534392,10333,ANNE MOTA,REPUBLICANOS,FEMININO,ENSINO MÉDIO COMPLETO,OUTROS,5000.0,1.0,Dinheiro em espécie - moeda nacional
DEPUTADO ESTADUAL,40002534388,10111,CLAUDIO SANTOS,REPUBLICANOS,MASCULINO,ENSINO MÉDIO INCOMPLETO,EMPRESÁRIO,5000.0,1.0,Dinheiro em espécie - moeda nacional
DEPUTADO ESTADUAL,40002551318,50011,NETE MOURA PROTETORA,PSOL,FEMININO,SUPERIOR COMPLETO,OUTROS,5000.0,1.0,"Veículo automotor terrestre: caminhão, automóvel, moto, etc."
DEPUTADO FEDERAL,40002549918,3333,DOUTORA ALICE MAFRA,MOBILIZA,FEMININO,SUPERIOR COMPLETO,VETERINÁRIO,5000.0,1.0,Quotas ou quinhões de capital
DEPUTADO FEDERAL,40002541619,4004,JÀRDEL INÁCIO,PSB,MASCULINO,SUPERIOR COMPLETO,FARMACÊUTICO,4484.85,6.0,Depósito bancário em conta corrente no País
DEPUTADO ESTADUAL,40002532786,55124,GRAZZY,PSD,FEMININO,SUPERIOR COMPLETO,ENFERMEIRO,4248.25,1.0,Outros fundos
DEPUTADO ESTADUAL,40002552705,10710,SGT. ANA CLAUDIA,REPUBLICANOS,FEMININO,SUPERIOR INCOMPLETO,POLICIAL MILITAR,3000.0,1.0,Dinheiro em espécie - moeda nacional
DEPUTADO ESTADUAL,40002534376,10369,LUCAS ABREU,REPUBLICANOS,MASCULINO,ENSINO MÉDIO COMPLETO,EMPRESÁRIO,3000.0,1.0,Dinheiro em espécie - moeda nacional
DEPUTADO FEDERAL,40002533203,1001,ADRIANA BORGES,REPUBLICANOS,FEMININO,SUPERIOR COMPLETO,ENFERMEIRO,3000.0,1.0,Dinheiro em espécie - moeda nacional
DEPUTADO ESTADUAL,40002534374,10300,EDVAN PURUS,REPUBLICANOS,MASCULINO,ENSINO MÉDIO COMPLETO,VIGILANTE,3000.0,1.0,Dinheiro em espécie - moeda nacional
DEPUTADO ESTADUAL,40002534378,10000,KARLA CAMPOS,REPUBLICANOS,FEMININO,SUPERIOR INCOMPLETO,EMPRESÁRIO,3000.0,1.0,Dinheiro em espécie - moeda nacional
DEPUTADO FEDERAL,40002533209,1044,JOSILDO OLIVEIRA,REPUBLICANOS,MASCULINO,ENSINO MÉDIO COMPLETO,MOTORISTA DE VEÍCULOS DE TRANSPORTE COLETIVO DE PASSAGEIROS,3000.0,1.0,Dinheiro em espécie - moeda nacional
1º SUPLENTE,40002550805,333,NEIDA FARIAS,MOBILIZA,FEMININO,SUPERIOR COMPLETO,CONTADOR,2294.7,6.0,"Aplicação de renda fixa (CDB, RDB e outros)"
2º SUPLENTE,40002550804,333,ANGELO REIS,MOBILIZA,MASCULINO,SUPERIOR COMPLETO,ECONOMISTA,2154.33,2.0,"Aplicação de renda fixa (CDB, RDB e outros)"
DEPUTADO FEDERAL,40002533202,1063,GLAUCIA REBELO,REPUBLICANOS,FEMININO,ENSINO MÉDIO COMPLETO,OUTROS,2000.0,1.0,Dinheiro em espécie - moeda nacional
DEPUTADO ESTADUAL,40002534379,10777,NAGLIA AMORIM,REPUBLICANOS,FEMININO,SUPERIOR COMPLETO,ASSISTENTE SOCIAL,2000.0,1.0,Dinheiro em espécie - moeda nacional
DEPUTADO ESTADUAL,40002532748,15444,CLÁUDIA TIKUNA,MDB,FEMININO,ENSINO MÉDIO COMPLETO,CANTOR E COMPOSITOR,2000.0,1.0,Caderneta de poupança
DEPUTADO ESTADUAL,40002534383,10500,ST MANOEL LOUREIRO,REPUBLICANOS,MASCULINO,SUPERIOR COMPLETO,POLICIAL MILITAR,2000.0,1.0,Dinheiro em espécie - moeda nacional
DEPUTADO FEDERAL,40002531439,1505,DRA. AMANDA PINHEIRO,MDB,FEMININO,SUPERIOR COMPLETO,ADVOGADO,1873.49,3.0,Depósito bancário em conta corrente no País
DEPUTADO ESTADUAL,40002532738,15079,MICHAELL SANTOS,MDB,MASCULINO,SUPERIOR COMPLETO,SERVIDOR PÚBLICO ESTADUAL,1073.8400000000001,3.0,Caderneta de poupança
DEPUTADO FEDERAL,40002536080,2766,DOUTORA AMANDA SOUZA,DC,FEMININO,SUPERIOR COMPLETO,ODONTÓLOGO,1000.0,1.0,Quotas ou quinhões de capital
DEPUTADO FEDERAL,40002536084,2789,PROFESSORA LENE MAIA,DC,FEMININO,SUPERIOR COMPLETO,PROFESSOR DE ENSINO FUNDAMENTAL,1000.0,1.0,Casa
DEPUTADO FEDERAL,40002546978,8000,ANA ROQUE,UP,FEMININO,SUPERIOR COMPLETO,"ESTUDANTE, BOLSISTA, ESTAGIÁRIO E ASSEMELHADOS",825.09,1.0,"Aplicação de renda fixa (CDB, RDB e outros)"
DEPUTADO FEDERAL,40002545597,6555,PROFESSOR ARQLEYDSSON,PCDOB,MASCULINO,SUPERIOR COMPLETO,SERVIDOR PÚBLICO FEDERAL,388.7,1.0,Caderneta de poupança
DEPUTADO ESTADUAL,40002532787,55190,CB MAILSON JESUS,PSD,MASCULINO,SUPERIOR COMPLETO,POLICIAL MILITAR,223.75,4.0,OUTROS BENS E DIREITOS
DEPUTADO FEDERAL,40002546977,8080,JOÃO LIMA,UP,MASCULINO,SUPERIOR INCOMPLETO,"ESTUDANTE, BOLSISTA, ESTAGIÁRIO E ASSEMELHADOS",120.17,1.0,"Aplicação de renda fixa (CDB, RDB e outros)"
DEPUTADO ESTADUAL,40002541614,20007,JAIRO DA VICAL,PODE,MASCULINO,ENSINO MÉDIO COMPLETO,EMPRESÁRIO,100.0,1.0,Depósito bancário em conta corrente no País
DEPUTADO FEDERAL,40002539048,1415,IANA NADINA,MISSÃO,FEMININO,ENSINO MÉDIO COMPLETO,OUTROS,98.16,2.0,Ações (inclusive as provenientes de linha telefônica)
DEPUTADO ESTADUAL,40002536493,36567,RONY DA PESCA,AGIR,MASCULINO,ENSINO MÉDIO COMPLETO,PESCADOR,65.75,1.0,Caderneta de poupança
DEPUTADO ESTADUAL,40002547000,12711,JÚNIOR RIBEIRO,PDT,MASCULINO,SUPERIOR COMPLETO,OUTROS,1.0,1.0,Depósito bancário em conta corrente no País
DEPUTADO ESTADUAL,40002541601,20190,SGT  LOIOLA,PODE,MASCULINO,SUPERIOR COMPLETO,POLICIAL MILITAR,0.54,2.0,Caderneta de poupança
GOVERNADOR,40002535267,16,GILBERTO VASCONCELOS,PSTU,MASCULINO,SUPERIOR COMPLETO,PROFESSOR DE ENSINO FUNDAMENTAL,0.0,0.0,
DEPUTADO ESTADUAL,40002534380,10013,MARCELO AMIL,REPUBLICANOS,MASCULINO,SUPERIOR COMPLETO,OUTROS,0.0,0.0,
DEPUTADO ESTADUAL,40002546997,12612,TATI DA NUTRIÇÃO,PDT,FEMININO,SUPERIOR COMPLETO,NUTRICIONISTA E ASSEMELHADOS,0.0,0.0,
DEPUTADO ESTADUAL,40002541611,20500,NAZARE PEREIRA,PODE,FEMININO,ENSINO MÉDIO COMPLETO,APOSENTADO (EXCETO SERVIDOR PÚBLICO),0.0,0.0,
DEPUTADO ESTADUAL,40002551307,18418,ROMANO,REDE,MASCULINO,ENSINO MÉDIO COMPLETO,OUTROS,0.0,0.0,
DEPUTADO ESTADUAL,40002541608,20234,PROFESSORA EDITH FALCÃO,PODE,FEMININO,SUPERIOR COMPLETO,PROFESSOR DE ENSINO SUPERIOR,0.0,0.0,
DEPUTADO ESTADUAL,40002532770,55321,LOREN,PSD,FEMININO,SUPERIOR COMPLETO,PRODUTOR DE ESPETÁCULOS PÚBLICOS,0.0,0.0,
DEPUTADO FEDERAL,40002540478,2210,JEAN BATISTA,PL,MASCULINO,ENSINO MÉDIO COMPLETO,GARÇOM,0.0,0.0,
DEPUTADO FEDERAL,40002535273,1600,ALEXANDRE SOLORZANO,PSTU,MASCULINO,SUPERIOR COMPLETO,SOCIÓLOGO,0.0,0.0,
DEPUTADO ESTADUAL,40002542665,11022,DALVA MORAIS,PP,FEMININO,ENSINO MÉDIO COMPLETO,EMPRESÁRIO,0.0,0.0,
DEPUTADO ESTADUAL,40002542668,44044,ANDERSON SANTOS,UNIÃO,MASCULINO,SUPERIOR COMPLETO,OUTROS,0.0,0.0,
DEPUTADO FEDERAL,40002539051,1433,JOTA BRANDÃO,MISSÃO,MASCULINO,ENSINO FUNDAMENTAL COMPLETO,AGENCIADOR DE PROPAGANDA,0.0,0.0,
DEPUTADO ESTADUAL,40002551310,50420,JANAÍNA ANJOS,PSOL,FEMININO,ENSINO MÉDIO COMPLETO,OUTROS,0.0,0.0,
DEPUTADO ESTADUAL,40002551317,50100,JEAN PAZ,PSOL,MASCULINO,ENSINO MÉDIO COMPLETO,OUTROS,0.0,0.0,
DEPUTADO ESTADUAL,40002554168,13777,MARIA GUIMARÃES,PT,FEMININO,ENSINO MÉDIO COMPLETO,OUTROS,0.0,0.0,
DEPUTADO FEDERAL,40002549858,1251,DR. ISRAEL TUYUKA,PDT,MASCULINO,SUPERIOR COMPLETO,MÉDICO,0.0,0.0,
DEPUTADO ESTADUAL,40002542967,22002,FABRICIO MAR,PL,MASCULINO,ENSINO MÉDIO INCOMPLETO,EMPRESÁRIO,0.0,0.0,
DEPUTADO ESTADUAL,40002536477,36014,MOISÉS DAS AÇÕES,AGIR,MASCULINO,ENSINO MÉDIO COMPLETO,OUTROS,0.0,0.0,
2º SUPLENTE,40002551282,181,ANDRÉ MONTEIRO,REDE,MASCULINO,ENSINO MÉDIO COMPLETO,AGRICULTOR,0.0,0.0,
DEPUTADO ESTADUAL,40002546987,12222,MARCOS PATRÍCIO,PDT,MASCULINO,ENSINO MÉDIO COMPLETO,ATLETA PROFISSIONAL E TÉCNICO EM DESPORTOS,0.0,0.0,
DEPUTADO ESTADUAL,40002547002,12122,ANGELA SANTOS,PDT,FEMININO,SUPERIOR COMPLETO,FARMACÊUTICO,0.0,0.0,
DEPUTADO ESTADUAL,40002534371,10190,DR HENRIQUE VASCONCELOS,REPUBLICANOS,MASCULINO,SUPERIOR COMPLETO,ADVOGADO,0.0,0.0,
DEPUTADO ESTADUAL,40002542970,22999,PAULO BARDALES,PL,MASCULINO,ENSINO MÉDIO COMPLETO,VEREADOR,0.0,0.0,
DEPUTADO FEDERAL,40002549904,7713,KEYLLA MARINHO,SOLIDARIEDADE,FEMININO,ENSINO MÉDIO COMPLETO,EMPRESÁRIO,0.0,0.0,
DEPUTADO FEDERAL,40002536451,3067,RICHARD STONE,NOVO,MASCULINO,SUPERIOR COMPLETO,ADVOGADO,0.0,0.0,
DEPUTADO ESTADUAL,40002536473,36222,RIZANNIO TOYA,AGIR,MASCULINO,ENSINO MÉDIO COMPLETO,POLICIAL CIVIL,0.0,0.0,
DEPUTADO FEDERAL,40002542677,4456,WALZENIR FALCÃO,UNIÃO,MASCULINO,ENSINO FUNDAMENTAL COMPLETO,PESCADOR,0.0,0.0,
DEPUTADO FEDERAL,40002539050,1444,WICK RYAN,MISSÃO,MASCULINO,ENSINO MÉDIO COMPLETO,"CORRETOR DE IMÓVEIS, SEGUROS, TÍTULOS E VALORES",0.0,0.0,
DEPUTADO FEDERAL,40002539044,1420,MATEUS DO TI,MISSÃO,MASCULINO,SUPERIOR INCOMPLETO,TÉCNICO EM INFORMÁTICA,0.0,0.0,
DEPUTADO FEDERAL,40002549861,1233,JORNADA,PDT,MASCULINO,ENSINO MÉDIO COMPLETO,EMPRESÁRIO,0.0,0.0,
DEPUTADO ESTADUAL,40002532773,55113,RENATO MURA,PSD,MASCULINO,ENSINO MÉDIO COMPLETO,ADMINISTRADOR,0.0,0.0,
DEPUTADO ESTADUAL,40002534373,10023,DR. RAFAEL BENOLIEL,REPUBLICANOS,MASCULINO,SUPERIOR COMPLETO,MÉDICO,0.0,0.0,
DEPUTADO ESTADUAL,40002551319,18765,NALDO MURA,REDE,MASCULINO,ENSINO MÉDIO COMPLETO,MOTORISTA PARTICULAR,0.0,0.0,
DEPUTADO ESTADUAL,40002541592,20020,ENFERMEIRA LILI,PODE,FEMININO,SUPERIOR COMPLETO,ENFERMEIRO,0.0,0.0,
DEPUTADO ESTADUAL,40002552158,30000,MÔNICA ALVES DE SOUZA MOTA,NOVO,FEMININO,ENSINO MÉDIO COMPLETO,COMERCIANTE,0.0,0.0,
DEPUTADO FEDERAL,40002549903,7711,KAROLA PRO VIDA,SOLIDARIEDADE,FEMININO,SUPERIOR COMPLETO,EMPRESÁRIO,0.0,0.0,
DEPUTADO ESTADUAL,40002543333,40111,VAL LIMA,PSB,FEMININO,ENSINO MÉDIO COMPLETO,OUTROS,0.0,0.0,
DEPUTADO ESTADUAL,40002532777,55644,JORGE SANTIAGO,PSD,MASCULINO,ENSINO MÉDIO COMPLETO,EMPRESÁRIO,0.0,0.0,
DEPUTADO ESTADUAL,40002542950,22022,ANDRÉA ABRANTES,PL,FEMININO,SUPERIOR INCOMPLETO,VENDEDOR DE COMÉRCIO VAREJISTA E ATACADISTA,0.0,0.0,
DEPUTADO ESTADUAL,40002541600,20787,DRA. ENF. KATIA VENTURA,PODE,FEMININO,SUPERIOR COMPLETO,ENFERMEIRO,0.0,0.0,
DEPUTADO ESTADUAL,40002541597,20714,ROSA DAS COMUNIDADES,PODE,FEMININO,SUPERIOR INCOMPLETO,EMPRESÁRIO,0.0,0.0,
DEPUTADO ESTADUAL,40002541595,20144,PROF. ANTONIA MCGREGOR,PODE,FEMININO,SUPERIOR COMPLETO,SERVIDOR PÚBLICO ESTADUAL,0.0,0.0,
DEPUTADO ESTADUAL,40002553973,22000,MICHELLA SANTOS,PL,FEMININO,SUPERIOR COMPLETO,CONTADOR,0.0,0.0,
DEPUTADO ESTADUAL,40002542952,22555,RAMON PEDROSA,PL,MASCULINO,ENSINO MÉDIO INCOMPLETO,APOSENTADO (EXCETO SERVIDOR PÚBLICO),0.0,0.0,
DEPUTADO ESTADUAL,40002551315,50444,SENHOR LUIZ AGRICULTOR,PSOL,MASCULINO,ENSINO FUNDAMENTAL COMPLETO,AGRICULTOR,0.0,0.0,
DEPUTADO ESTADUAL,40002536914,30133,EDMILSON LOPES,NOVO,MASCULINO,SUPERIOR COMPLETO,FARMACÊUTICO,0.0,0.0,
DEPUTADO ESTADUAL,40002551306,50310,GILMARA GUIMARÃES,PSOL,FEMININO,ENSINO MÉDIO COMPLETO,DONA DE CASA,0.0,0.0,
DEPUTADO ESTADUAL,40002554183,44133,DEDEIA MEDEIROS,UNIÃO,FEMININO,ENSINO MÉDIO COMPLETO,EMPRESÁRIO,0.0,0.0,
DEPUTADO ESTADUAL,40002537624,70040,MEYB SEIXAS,AVANTE,FEMININO,SUPERIOR COMPLETO,ZOOTECNISTA,0.0,0.0,
DEPUTADO FEDERAL,40002541588,2040,HERMANO JUNIOR,PODE,MASCULINO,ENSINO MÉDIO COMPLETO,MOTORISTA DE VEÍCULOS DE TRANSPORTE COLETIVO DE PASSAGEIROS,0.0,0.0,
DEPUTADO ESTADUAL,40002546999,12070,MAZINHO DA ECOBARREIRA,PDT,MASCULINO,ENSINO MÉDIO INCOMPLETO,SERVIDOR PÚBLICO MUNICIPAL,0.0,0.0,
DEPUTADO ESTADUAL,40002537614,70300,FÁBIO FARIAS,AVANTE,MASCULINO,SUPERIOR COMPLETO,POLICIAL MILITAR,0.0,0.0,
DEPUTADO ESTADUAL,40002532783,55600,SIDNEY SOUZA,PSD,MASCULINO,ENSINO MÉDIO COMPLETO,OUTROS,0.0,0.0,
DEPUTADO ESTADUAL,40002541612,20008,ROSI MATOS,PODE,FEMININO,ENSINO MÉDIO COMPLETO,OUTROS,0.0,0.0,
DEPUTADO ESTADUAL,40002545604,13619,JÉSSICA VALOIS,PT,FEMININO,SUPERIOR INCOMPLETO,"ESTUDANTE, BOLSISTA, ESTAGIÁRIO E ASSEMELHADOS",0.0,0.0,
DEPUTADO ESTADUAL,40002554166,13656,RODRIGO FURTADO,PT,MASCULINO,SUPERIOR INCOMPLETO,OUTROS,0.0,0.0,
DEPUTADO FEDERAL,40002554165,1300,ADRIANA XAVIER,PT,FEMININO,SUPERIOR INCOMPLETO,OUTROS,0.0,0.0,
DEPUTADO ESTADUAL,40002541605,20026,ALESSANDRA FARIAS,PODE,FEMININO,SUPERIOR COMPLETO,ASSISTENTE SOCIAL,0.0,0.0,
SENADOR,40002535391,277,DAILSON CORRÊA,DC,MASCULINO,LÊ E ESCREVE,COMERCIANTE,0.0,0.0,
DEPUTADO ESTADUAL,40002542960,22777,RAYANA PINHO DO BAZAR,PL,FEMININO,SUPERIOR COMPLETO,PSICÓLOGO,0.0,0.0,
DEPUTADO ESTADUAL,40002546996,12312,SORAIA SOARES,PDT,FEMININO,ENSINO MÉDIO COMPLETO,"CORRETOR DE IMÓVEIS, SEGUROS, TÍTULOS E VALORES",0.0,0.0,
DEPUTADO ESTADUAL,40002534385,10200,JAZIEL RIBEIRO - O RESOLVE!,REPUBLICANOS,MASCULINO,ENSINO MÉDIO COMPLETO,OUTROS,0.0,0.0,
DEPUTADO ESTADUAL,40002551308,50777,WLADIMIR MEDEIROS,PSOL,MASCULINO,SUPERIOR COMPLETO,PROFESSOR E INSTRUTOR DE FORMAÇÃO PROFISSIONAL,0.0,0.0,
DEPUTADO FEDERAL,40002541618,4022,MESTRE ESTELIO GABINO,PSB,MASCULINO,SUPERIOR COMPLETO,PROFESSOR DE ENSINO MÉDIO,0.0,0.0,
DEPUTADO FEDERAL,40002541620,4023,PAIXÃO,PSB,MASCULINO,ENSINO MÉDIO COMPLETO,APOSENTADO (EXCETO SERVIDOR PÚBLICO),0.0,0.0,
DEPUTADO ESTADUAL,40002536908,30121,ANDRESSA BRASIL,NOVO,FEMININO,ENSINO MÉDIO COMPLETO,PESCADOR,0.0,0.0,
DEPUTADO ESTADUAL,40002541751,44020,BEATRIZ FERNANDES,UNIÃO,FEMININO,SUPERIOR COMPLETO,ASSISTENTE SOCIAL,0.0,0.0,
DEPUTADO ESTADUAL,40002542656,44555,RONILDO SOUZA,UNIÃO,MASCULINO,ENSINO MÉDIO COMPLETO,OUTROS,0.0,0.0,
DEPUTADO FEDERAL,40002539047,1477,PATRICIA BENZAQUEM,MISSÃO,FEMININO,SUPERIOR COMPLETO,"ESTUDANTE, BOLSISTA, ESTAGIÁRIO E ASSEMELHADOS",0.0,0.0,
DEPUTADO FEDERAL,40002541621,4008,MARCIA SILVA,PSB,FEMININO,ENSINO FUNDAMENTAL COMPLETO,EMPREGADO DOMÉSTICO,0.0,0.0,
VICE-GOVERNADOR,40002550775,18,LEO BALBI,PSOL,MASCULINO,SUPERIOR COMPLETO,PEDAGOGO,0.0,0.0,
DEPUTADO ESTADUAL,40002546988,12121,VALESKA FREITAS,PDT,FEMININO,ENSINO MÉDIO COMPLETO,NUTRICIONISTA E ASSEMELHADOS,0.0,0.0,
DEPUTADO ESTADUAL,40002536903,30123,ASTRID AMAZONAS,NOVO,FEMININO,SUPERIOR INCOMPLETO,"ESTUDANTE, BOLSISTA, ESTAGIÁRIO E ASSEMELHADOS",0.0,0.0,
DEPUTADO ESTADUAL,40002542685,40233,LEIVSON LUIZ,PSB,MASCULINO,SUPERIOR COMPLETO,EMPRESÁRIO,0.0,0.0,
DEPUTADO ESTADUAL,40002532774,55635,ALMIR INACIO,PSD,MASCULINO,SUPERIOR COMPLETO,SERVIDOR PÚBLICO MUNICIPAL,0.0,0.0,
DEPUTADO ESTADUAL,40002546991,12000,VICTOR LABORDA,PDT,MASCULINO,SUPERIOR INCOMPLETO,JORNALISTA E REDATOR,0.0,0.0,
DEPUTADO ESTADUAL,40002534384,10456,LUCIANA MELO,REPUBLICANOS,FEMININO,ENSINO MÉDIO COMPLETO,OUTROS,0.0,0.0,
DEPUTADO ESTADUAL,40002546998,12600,TUXÁUA NAZA MURA,PDT,FEMININO,ENSINO FUNDAMENTAL INCOMPLETO,ARTESÃO,0.0,0.0,
DEPUTADO FEDERAL,40002549899,7707,DENIS REAL,SOLIDARIEDADE,MASCULINO,SUPERIOR INCOMPLETO,ADMINISTRADOR,0.0,0.0,
DEPUTADO ESTADUAL,40002536909,30007,LÚCIA TAVARES,NOVO,FEMININO,SUPERIOR INCOMPLETO,COMERCIANTE,0.0,0.0,
DEPUTADO FEDERAL,40002551003,5055,NATALIA,PSOL,FEMININO,SUPERIOR COMPLETO,ADVOGADO,0.0,0.0,
DEPUTADO FEDERAL,40002551010,1800,LUIZ ANDRADE,REDE,MASCULINO,SUPERIOR INCOMPLETO,MOTORISTA DE VEÍCULOS DE TRANSPORTE DE CARGA,0.0,0.0,
DEPUTADO ESTADUAL,40002542660,44000,BRENA DIANNÁ,UNIÃO,FEMININO,SUPERIOR COMPLETO,DEPUTADO,0.0,0.0,
DEPUTADO FEDERAL,40002541624,4000,CHRISTIANE MELCHIOR,PSB,FEMININO,SUPERIOR COMPLETO,ADVOGADO,0.0,0.0,
DEPUTADO FEDERAL,40002539045,1401,EDUARDO THEO,MISSÃO,MASCULINO,SUPERIOR INCOMPLETO,"OPERADOR DE IMPLEMENTO DE AGRICULTURA, PECUÁRIA E EXPLORAÇÃO FLORESTAL",0.0,0.0,
DEPUTADO ESTADUAL,40002536495,36064,FÁBIO DUARTE FILHO DO BAIRRO,AGIR,MASCULINO,ENSINO FUNDAMENTAL COMPLETO,OUTROS,0.0,0.0,
DEPUTADO ESTADUAL,40002536494,36556,ESTER DO PIORINI,AGIR,FEMININO,SUPERIOR COMPLETO,ASSISTENTE SOCIAL,0.0,0.0,
DEPUTADO ESTADUAL,40002536906,30245,JOANA TRAVASSOS,NOVO,FEMININO,ENSINO MÉDIO COMPLETO,CABELEIREIRO E BARBEIRO,0.0,0.0,
DEPUTADO ESTADUAL,40002536485,36444,ANTÔNIO SÁ,AGIR,MASCULINO,SUPERIOR COMPLETO,OUTROS,0.0,0.0,
DEPUTADO ESTADUAL,40002536478,36321,MARA NÚBIA,AGIR,FEMININO,SUPERIOR COMPLETO,ASSISTENTE SOCIAL,0.0,0.0,
DEPUTADO ESTADUAL,40002545601,13123,MICHELLE ANDREWS,PT,FEMININO,SUPERIOR INCOMPLETO,PRODUTOR DE ESPETÁCULOS PÚBLICOS,0.0,0.0,
DEPUTADO FEDERAL,40002549901,7777,ALEXANDRE DA CARBRÁS,SOLIDARIEDADE,MASCULINO,SUPERIOR COMPLETO,EMPRESÁRIO,0.0,0.0,
DEPUTADO ESTADUAL,40002532788,55789,CLÉIA BRANCHES,PSD,FEMININO,SUPERIOR COMPLETO,AGENTE ADMINISTRATIVO,0.0,0.0,
DEPUTADO ESTADUAL,40002545605,65126,PROF. GREICE ANNE,PCDOB,FEMININO,SUPERIOR COMPLETO,OUTROS,0.0,0.0,
SENADOR,40002550806,333,XUXA DO AMAZONAS,MOBILIZA,MASCULINO,ENSINO MÉDIO COMPLETO,MILITAR REFORMADO,0.0,0.0,
DEPUTADO FEDERAL,40002549905,7790,LENE SOUZA,SOLIDARIEDADE,FEMININO,SUPERIOR COMPLETO,ASSISTENTE SOCIAL,0.0,0.0,
DEPUTADO ESTADUAL,40002532754,15319,DONMARQUES,MDB,MASCULINO,SUPERIOR COMPLETO,EMPRESÁRIO,0.0,0.0,
DEPUTADO FEDERAL,40002539043,1414,ELIABE CAMPOS,MISSÃO,MASCULINO,ENSINO MÉDIO COMPLETO,ALMOXARIFE,0.0,0.0,
DEPUTADO FEDERAL,40002536082,2727,PROFESSOR ROQUE LANE,DC,MASCULINO,SUPERIOR COMPLETO,ADVOGADO,0.0,0.0,
DEPUTADO FEDERAL,40002549860,1212,MADALENA SILVA,PDT,FEMININO,ENSINO MÉDIO COMPLETO,OUTROS,0.0,0.0,
DEPUTADO FEDERAL,40002536452,3033,MARIA GATO,NOVO,FEMININO,SUPERIOR INCOMPLETO,EMPRESÁRIO,0.0,0.0,
DEPUTADO FEDERAL,40002536448,3030,LAYON NUNES,NOVO,MASCULINO,ENSINO MÉDIO COMPLETO,ADMINISTRADOR,0.0,0.0,
DEPUTADO ESTADUAL,40002542664,44544,DIEGO LARANJEIRA,UNIÃO,MASCULINO,SUPERIOR COMPLETO,OUTROS,0.0,0.0,
DEPUTADO FEDERAL,40002549859,1255,ROBÉRIO KAMBEBA,PDT,MASCULINO,SUPERIOR COMPLETO,ARTESÃO,0.0,0.0,
DEPUTADO ESTADUAL,40002546986,12560,FABÍOLA MARQUES,PDT,FEMININO,ENSINO MÉDIO COMPLETO,OUTROS,0.0,0.0,
DEPUTADO FEDERAL,40002549855,1299,EVALDO VASCONCELOS,PDT,MASCULINO,ENSINO MÉDIO COMPLETO,AGENTE ADMINISTRATIVO,0.0,0.0,
1º SUPLENTE,40002551280,181,LAYNARA PRESTES,REDE,FEMININO,ENSINO MÉDIO COMPLETO,OUTROS,0.0,0.0,
1º SUPLENTE,40002535271,161,ANTONIO NETO,PSTU,MASCULINO,SUPERIOR COMPLETO,PROFESSOR DE ENSINO SUPERIOR,0.0,0.0,
DEPUTADO ESTADUAL,40002542951,22123,SÉRGIO KRUKE,PL,MASCULINO,SUPERIOR INCOMPLETO,EMPRESÁRIO,0.0,0.0,
2º SUPLENTE,40002551279,500,JANDER MUNIZ,PSOL,MASCULINO,ENSINO MÉDIO COMPLETO,ARTESÃO,0.0,0.0,
DEPUTADO ESTADUAL,40002536901,30233,ORCHARLINGHTON JATI,NOVO,MASCULINO,ENSINO MÉDIO COMPLETO,MOTORISTA DE VEÍCULOS DE TRANSPORTE COLETIVO DE PASSAGEIROS,0.0,0.0,
DEPUTADO FEDERAL,40002551006,1888,PATRÍCIA BARROSO,REDE,FEMININO,ENSINO FUNDAMENTAL INCOMPLETO,MANICURE E MAQUILADOR,0.0,0.0,
DEPUTADO FEDERAL,40002551004,5050,ÁLEX SOUSA,PSOL,FEMININO,ENSINO MÉDIO COMPLETO,"ESTUDANTE, BOLSISTA, ESTAGIÁRIO E ASSEMELHADOS",0.0,0.0,
DEPUTADO ESTADUAL,40002536904,30762,WENDEL LARGATIXA,NOVO,MASCULINO,SUPERIOR INCOMPLETO,"TÉCNICO DE ELETRICIDADE, ELETRÔNICA E TELECOMUNICAÇÕES",0.0,0.0,
DEPUTADO ESTADUAL,40002534375,10600,PRISSILA MELO,REPUBLICANOS,FEMININO,SUPERIOR COMPLETO,FARMACÊUTICO,0.0,0.0,
DEPUTADO ESTADUAL,40002542683,40000,EDSON KAMBEBA,PSB,MASCULINO,ENSINO MÉDIO COMPLETO,"ESTUDANTE, BOLSISTA, ESTAGIÁRIO E ASSEMELHADOS",0.0,0.0,
DEPUTADO FEDERAL,40002541589,2022,ANDRE PASSOS,PODE,MASCULINO,SUPERIOR COMPLETO,MÚSICO,0.0,0.0,
DEPUTADO ESTADUAL,40002536896,30222,MICHAEL LEMOS,NOVO,MASCULINO,SUPERIOR COMPLETO,ENFERMEIRO,0.0,0.0,
DEPUTADO FEDERAL,40002541623,4011,RONALDINHO SHOW,PSB,MASCULINO,ENSINO MÉDIO COMPLETO,OUTROS,0.0,0.0,
DEPUTADO ESTADUAL,40002551312,18111,RAIMUNDA KAMBEBA,REDE,FEMININO,LÊ E ESCREVE,DONA DE CASA,0.0,0.0,
DEPUTADO ESTADUAL,40002541604,20633,PR. ABEL PEDRAÇA,PODE,MASCULINO,SUPERIOR COMPLETO,OUTROS,0.0,0.0,
DEPUTADO ESTADUAL,40002541603,20333,THIAGUINHO LAGO AZUL E BANCADA,PODE,MASCULINO,SUPERIOR COMPLETO,OUTROS,0.0,0.0,
DEPUTADO ESTADUAL,40002542956,22456,LÉIA FERNANDES,PL,FEMININO,SUPERIOR COMPLETO,AGENTE DE SAÚDE E SANITARISTA,0.0,0.0,
DEPUTADO ESTADUAL,40002541594,20222,ERALDO CB,PODE,MASCULINO,ENSINO MÉDIO COMPLETO,EMPRESÁRIO,0.0,0.0,
DEPUTADO ESTADUAL,40002551316,50999,MAURO COELHO,PSOL,MASCULINO,ENSINO MÉDIO COMPLETO,OUTROS,0.0,0.0,
DEPUTADO ESTADUAL,40002541598,20555,DR. MARCELO KLINGER,PODE,MASCULINO,SUPERIOR COMPLETO,ODONTÓLOGO,0.0,0.0,
DEPUTADO FEDERAL,40002549857,1234,RENATA KOKAMA,PDT,FEMININO,LÊ E ESCREVE,OUTROS,0.0,0.0,
DEPUTADO ESTADUAL,40002532741,15622,LUANA FERRAZ,MDB,FEMININO,SUPERIOR COMPLETO,ADVOGADO,0.0,0.0,
DEPUTADO FEDERAL,40002540486,2259,DRA. PATRICIA SICCHAR,PL,FEMININO,SUPERIOR COMPLETO,MÉDICO,0.0,0.0,
DEPUTADO ESTADUAL,40002554167,13334,PAULO MENDES,PT,MASCULINO,ENSINO MÉDIO COMPLETO,OUTROS,0.0,0.0,
DEPUTADO ESTADUAL,40002532784,55355,DELEGADA JOYCE COELHO,PSD,FEMININO,SUPERIOR COMPLETO,POLICIAL CIVIL,0.0,0.0,
DEPUTADO FEDERAL,40002541583,2026,VANETE CARVALHO,PODE,FEMININO,SUPERIOR INCOMPLETO,TÉCNICO DE ENFERMAGEM E ASSEMELHADOS (EXCETO ENFERMEIRO),0.0,0.0,
DEPUTADO ESTADUAL,40002537352,70100,VIVI LIRA,AVANTE,FEMININO,SUPERIOR COMPLETO,OUTROS,0.0,0.0,
DEPUTADO FEDERAL,40002536440,7000,JUNIOR RESGATE,AVANTE,MASCULINO,SUPERIOR COMPLETO,PROFESSOR DE ENSINO MÉDIO,0.0,0.0,
DEPUTADO ESTADUAL,40002546979,12604,MANUEL SILVA,PDT,MASCULINO,SUPERIOR INCOMPLETO,PROTÉTICO,0.0,0.0,
DEPUTADO ESTADUAL,40002546983,12800,CIMARA CAVALCANTE,PDT,FEMININO,SUPERIOR COMPLETO,TÉCNICO DE ENFERMAGEM E ASSEMELHADOS (EXCETO ENFERMEIRO),0.0,0.0,
DEPUTADO FEDERAL,40002536085,2772,ELPÍDIO DOS POVOS MURA,DC,MASCULINO,ENSINO MÉDIO COMPLETO,AGRICULTOR,0.0,0.0,
DEPUTADO ESTADUAL,40002536899,30114,MARCIO PATRIOTA,NOVO,MASCULINO,SUPERIOR COMPLETO,INDUSTRIAL,0.0,0.0,
DEPUTADO FEDERAL,40002541590,2012,PASTORA RUTH COSTA,PODE,FEMININO,SUPERIOR INCOMPLETO,OUTROS,0.0,0.0,
DEPUTADO FEDERAL,40002541591,2025,PROFESSOR AMILTON GADELHA,PODE,MASCULINO,SUPERIOR COMPLETO,PROFESSOR DE ENSINO MÉDIO,0.0,0.0,
DEPUTADO ESTADUAL,40002537619,70766,FLÁVIA KETLEN,AVANTE,FEMININO,SUPERIOR COMPLETO,OUTROS,0.0,0.0,
DEPUTADO ESTADUAL,40002545603,13107,CRISTIANE SALES,PT,FEMININO,SUPERIOR COMPLETO,OUTROS,0.0,0.0,
DEPUTADO ESTADUAL,40002536900,30555,CLENDA ALMEIDA,NOVO,FEMININO,ENSINO MÉDIO COMPLETO,"ESTUDANTE, BOLSISTA, ESTAGIÁRIO E ASSEMELHADOS",0.0,0.0,
DEPUTADO ESTADUAL,40002536902,30124,NETE MOTA,NOVO,FEMININO,ENSINO MÉDIO COMPLETO,PESCADOR,0.0,0.0,
DEPUTADO ESTADUAL,40002536893,30700,NETO ASSAYAG,NOVO,MASCULINO,SUPERIOR COMPLETO,ADMINISTRADOR,0.0,0.0,
DEPUTADO FEDERAL,40002541585,2021,PR. EDIVAN CASTILHO,PODE,MASCULINO,ENSINO FUNDAMENTAL INCOMPLETO,MOTORISTA DE VEÍCULOS DE TRANSPORTE DE CARGA,0.0,0.0,
DEPUTADO ESTADUAL,40002542682,40777,ANISIO JUNIOR,PSB,MASCULINO,ENSINO MÉDIO COMPLETO,MOTORISTA PARTICULAR,0.0,0.0,
DEPUTADO ESTADUAL,40002532781,55777,LIONS BRUCE,PSD,MASCULINO,SUPERIOR COMPLETO,EMPRESÁRIO,0.0,0.0,
DEPUTADO ESTADUAL,40002542959,22888,ANDREA RAMOS,PL,FEMININO,SUPERIOR INCOMPLETO,AGENTE ADMINISTRATIVO,0.0,0.0,
1º SUPLENTE,40002551278,500,RENAN ROTONDANO,PSOL,MASCULINO,SUPERIOR COMPLETO,SERVIDOR PÚBLICO FEDERAL,0.0,0.0,
